Accion recomendada;Producto archivar ID;Referencia interna;Nombre a archivar;Producto conservar ID;Nombre a conservar;Archivar tiene WC;Conservar tiene WC;Stock archivar;Pedidos archivar;Motivo
ARCHIVAR;3198;103H7823-0416;"MOTOR MOVIMIENTO ""Y"" SWF";1945;"MOTOR MOVIMIENTO &quot;Y&quot; SWF";NO;NO;0.0;0;Duplicado import reciente (id alto). Conservar producto legacy con mismo SKU.
ARCHIVAR;3203;5.04.112A;"PATA/PRENSATELAS ""A"" MEC-VAL";2109;"PATA/PRENSATELAS &quot;A&quot; MEC-VAL";NO;NO;0.0;0;Duplicado import reciente (id alto). Conservar producto legacy con mismo SKU.
ARCHIVAR;3219;CORREADENTADA;"CORREA DENTADA MOTOR ""Y"" LASER";2672;"CORREA DENTADA MOTOR &quot;Y&quot; LASER";NO;NO;0.0;0;Duplicado import reciente (id alto). Conservar producto legacy con mismo SKU.
ARCHIVAR;3225;DUO-HCS3-1201-40;"DUO COMBO HAPPY HCS3.

COMBO ESPECIAL DE DOS CABEZALES DE HCS3, UNIDOS SOBRE UNA BANCADA ESPECIAL. (ESTE TIPO DE COMBO, OFRECE UNA MAYOR VERSATILIDAD Y PRODUCCIÓN, QUE LAS MÁQUINAS DE BORDAR DE DOS CABEZALES CONVENCIONALES)
CARACTERISTICAS DE CADA CABEZAL:
- MAQUINA DE BORDAR INDUSTRIAL de 12 agujas, CON UN AREA MAX DE BORDADO REAL DE 320X320MM EN BASTIDOR PORTAL (OPCIONAL), de 290x290 en bastidor TUBULAR Y DE 67X290MM CON EL BASTIDOR DE GORRAS.
- NUEVO BRAZO, DE TAMAÑO MUCHO MAS PEQUEÑO, QUE PERMITE BORDAR EN ESPACIOS MAS REDUCIDOS.
- NUEVO SOPORTE PARA LOS HILOS, QUE PERMITE PONER BOINAS DE HILO CON UNA BASE MAS ANCHA.
- VELOCIDAD MAX DE 1.000 PUNTADAS.
- NUEVA PANTALLA TACTIL 7"" con nuevo sistema de tratamiento de datos, con posibilidad de usar cualquier adaptador wifi por usb, CONEXION LAN incorporada , USB Y USB FRONTAL.
- Nuevo sistema de movimiento de bastidor sin vib
esperaciones. 
- bOBINADOR DE HILO DE CANILLA INCORPORADO E INDEPENDIENTE (NO ES NECESARIO QUE LA MAQUINA ESTE EN MARCHA PARA QUE ESTE TRABAJE).
- pOSIBILIDAD DE CREAR TEXTOS CON DISTINTOS ESTILOS DE FUENTES, TAMAÑOS Y FORMAS DESDE EL PANEL.
- pOSICIONAMIENTO CON MARCADOR LÁSER TIPO CRUZ.
- LUZ LED FRONTAL.
- reconocimiento DEL ÁREA DE BORDADO QUE PERMITE EL CENTRAR EL DISEÑO EN EL BASTIDOR CON SOLO PULSAR UN BOTÓN Y TAMBIÉN EVITAR POSIBLES GOLPES DE LA AGUJA EN EL BASTIDOR.
- iNCLUYE 100 DISEÑOS EN LA MEMORIA.
- edición CON SOFTWARE HAPPY LINK/LAN INCLUIDO.
- pOSIBILIDAD DE DISTINTOS TIPOS DE BASTIDORES ESPECIALES (OPCIONAL VEASE EN EL CATALOGO 

- Se entrega con: bancada, kits de gorras,  6 juegos dobles de bastidores de 15, 18 y 21 cm y dos de 32X32.";2885;"DUO COMBO HAPPY HCS3.  COMBO ESPECIAL DE DOS CABEZALES DE HCS3, UNIDOS SOBRE UNA BANCADA ESPECIAL. (ESTE TIPO DE COMBO, OFRECE UNA MAYOR VERSATILIDAD Y PRODUCCIÓN, QUE LAS MÁQUINAS DE BORDAR DE DOS CABEZALES CONVENCIONALES) CARACTERISTICAS DE CADA CABEZAL: - MAQUINA DE BORDAR INDUSTRIAL de 12 agujas, CON UN AREA MAX DE BORDADO REAL DE 320X320MM EN BASTIDOR PORTAL (OPCIONAL), de 290x290 en bastidor TUBULAR Y DE 67X290MM CON EL BASTIDOR DE GORRAS. - NUEVO BRAZO, DE TAMAÑO MUCHO MAS PEQUEÑO, QUE PERMITE BORDAR EN ESPACIOS MAS REDUCIDOS. - NUEVO SOPORTE PARA LOS HILOS, QUE PERMITE PONER BOINAS DE HILO CON UNA BASE MAS ANCHA. - VELOCIDAD MAX DE 1.000 PUNTADAS. - NUEVA PANTALLA TACTIL 7&quot; con nuevo sistema de tratamiento de datos, con posibilidad de usar cualquier adaptador wifi por usb, CONEXION LAN incorporada , USB Y USB FRONTAL. - Nuevo sistema de movimiento de bastidor sin vib esperaciones.  - bOBINADOR DE HILO DE CANILLA INCORPORADO E INDEPENDIENTE (NO ES NECESARIO QUE LA MAQUINA ESTE EN MARCHA PARA QUE ESTE TRABAJE). - pOSIBILIDAD DE CREAR TEXTOS CON DISTINTOS ESTILOS DE FUENTES, TAMAÑOS Y FORMAS DESDE EL PANEL. - pOSICIONAMIENTO CON MARCADOR LÁSER TIPO CRUZ. - LUZ LED FRONTAL. - reconocimiento DEL ÁREA DE BORDADO QUE PERMITE EL CENTRAR EL DISEÑO EN EL BASTIDOR CON SOLO PULSAR UN BOTÓN Y TAMBIÉN EVITAR POSIBLES GOLPES DE LA AGUJA EN EL BASTIDOR. - iNCLUYE 100 DISEÑOS EN LA MEMORIA. - edición CON SOFTWARE HAPPY LINK/LAN INCLUIDO. - pOSIBILIDAD DE DISTINTOS TIPOS DE BASTIDORES ESPECIALES (OPCIONAL VEASE EN EL CATALOGO   - Se entrega con: bancada, kits de gorras,  6 juegos dobles de bastidores de 15, 18 y 21 cm y dos de 32X32.";NO;NO;0.0;0;Duplicado import reciente (id alto). Conservar producto legacy con mismo SKU.
ARCHIVAR;3188;EPZ01410;"PANEL LCD 10"" HAPPY";1664;"PANEL LCD 10&quot; HAPPY";NO;NO;0.0;0;Duplicado import reciente (id alto). Conservar producto legacy con mismo SKU.
ARCHIVAR;3212;EPZ01490;"PANTALLA LCD HAPPY 7""";2431;"PANTALLA LCD HAPPY 7&quot;";NO;NO;0.0;0;Duplicado import reciente (id alto). Conservar producto legacy con mismo SKU.
ARCHIVAR;3207;FC345;"BASTIDOR FAST CLAMPING 3,5""X4""(89X101,5MM)";2225;"BASTIDOR FAST CLAMPING 3,5&quot;X4&quot;(89X101,5MM)";NO;NO;0.0;0;Duplicado import reciente (id alto). Conservar producto legacy con mismo SKU.
ARCHIVAR;3206;FC45;"BASTIDOR FAST CLAMPING 4,5""X4,5"" (114X114MM)";2224;"BASTIDOR FAST CLAMPING 4,5&quot;X4,5&quot; (114X114MM)";NO;NO;0.0;0;Duplicado import reciente (id alto). Conservar producto legacy con mismo SKU.
ARCHIVAR;3208;FC456;"BASTIDOR FAST CLAMPING 4,5""X6"" (114,3X152,4MM)";2226;"BASTIDOR FAST CLAMPING 4,5&quot;X6&quot; (114,3X152,4MM)";NO;NO;0.0;0;Duplicado import reciente (id alto). Conservar producto legacy con mismo SKU.
ARCHIVAR;3205;FC65;"BASTIDOR FAST CLAMPING 6,5""X6,5"" (165,1X165,1MM)";2223;"BASTIDOR FAST CLAMPING 6,5&quot;X6,5&quot; (165,1X165,1MM)";NO;NO;0.0;0;Duplicado import reciente (id alto). Conservar producto legacy con mismo SKU.
ARCHIVAR;3222;HCA04100;"CUCHILLA FIJA HAPPY ""B"" HCA/HCG/HCM";2857;"CUCHILLA FIJA HAPPY &quot;B&quot; HCA/HCG/HCM";NO;NO;0.0;0;Duplicado import reciente (id alto). Conservar producto legacy con mismo SKU.
ARCHIVAR;3209;HCD05A13;SOPORTE CUCHILLAS HAPPY HCD2 // THREAD CUTTING DEVICE BASE ASS'Y;2314;"SOPORTE CUCHILLAS HAPPY HCD2 // THREAD CUTTING DEVICE BASE ASS&apos;Y";NO;NO;0.0;0;Duplicado import reciente (id alto). Conservar producto legacy con mismo SKU.
ARCHIVAR;3217;HCD29540;"REAR COVER (10.4 in) HAPPY (SOPORTE LCD 10"")";2592;"REAR COVER (10.4 in) HAPPY (SOPORTE LCD 10&quot;)";NO;NO;0.0;0;Duplicado import reciente (id alto). Conservar producto legacy con mismo SKU.
ARCHIVAR;3189;HCD72800;"CABLE CONEXIÓN LCD 10"" HAPPY";1665;"CABLE CONEXIÓN LCD 10&quot; HAPPY";NO;NO;0.0;0;Duplicado import reciente (id alto). Conservar producto legacy con mismo SKU.
ARCHIVAR;3197;HCD79621;"MODULO CORE 7"" PANEL LCD HAPPY";1926;"MODULO CORE 7&quot; PANEL LCD HAPPY";NO;NO;0.0;0;Duplicado import reciente (id alto). Conservar producto legacy con mismo SKU.
ARCHIVAR;3211;HCDU37A41;"BASTIDOR PORTAL ""X"" HAPPY HCD2-X (400X1200).";2428;"BASTIDOR PORTAL &quot;X&quot; HAPPY HCD2-X (400X1200).";NO;NO;0.0;0;Duplicado import reciente (id alto). Conservar producto legacy con mismo SKU.
ARCHIVAR;3210;HCR16A46;"CONJUNTO TENSOR DETECCIÓN DE HILO HAPPY HCR2.
(TENSOR NEGRO COMPLETO)";2322;CONJUNTO TENSOR DETECCIÓN DE HILO HAPPY HCR2. (TENSOR NEGRO COMPLETO);NO;NO;0.0;0;Duplicado import reciente (id alto). Conservar producto legacy con mismo SKU.
ARCHIVAR;3229;HCSU29010;"DISPLAY MODULE 7"" HCD3E/HCD2 HAPPY";2977;"DISPLAY MODULE 7&quot; HCD3E/HCD2 HAPPY";NO;NO;0.0;0;Duplicado import reciente (id alto). Conservar producto legacy con mismo SKU.
ARCHIVAR;3200;HCU25100;"PLETINA SUJECIÓN CORREA EJE ""Y"" HAPPY HCU";1948;"PLETINA SUJECIÓN CORREA EJE &quot;Y&quot; HAPPY HCU";NO;NO;0.0;0;Duplicado import reciente (id alto). Conservar producto legacy con mismo SKU.
ARCHIVAR;3199;HCU25110;"PLETINA CONEXIÓN CORREA EJE ""Y"" HAPPY HCU";1947;"PLETINA CONEXIÓN CORREA EJE &quot;Y&quot; HAPPY HCU";NO;NO;0.0;0;Duplicado import reciente (id alto). Conservar producto legacy con mismo SKU.
ARCHIVAR;3201;HMG08130;"CUSHION ""B"" HAPPY BLANCO HCGB/HMF";2015;"CUSHION &quot;B&quot; HAPPY BLANCO HCGB/HMF";NO;NO;0.0;0;Duplicado import reciente (id alto). Conservar producto legacy con mismo SKU.
ARCHIVAR;3196;ST-M0404-HA360;"MIGHTYHOOP 4"" X 4"" ECO";1725;"MIGHTYHOOP 4&quot; X 4&quot; ECO";NO;NO;0.0;0;Duplicado import reciente (id alto). Conservar producto legacy con mismo SKU.
ARCHIVAR;3193;ST-M0413-HA500;"MIGHTYHOOP 4"" X 12,75"" ECO";1722;"MIGHTYHOOP 4&quot; X 12,75&quot; ECO";NO;NO;0.0;0;Duplicado import reciente (id alto). Conservar producto legacy con mismo SKU.
ARCHIVAR;3204;ST-M0505-W;"""MARCO"" MIGHTYHOOP 5,5"" ECO";2206;MARCO MIGHTYHOOP 5,5 ECO;NO;NO;0.0;0;Duplicado import reciente (id alto). Conservar producto legacy con mismo SKU.
ARCHIVAR;3194;ST-M0608-HA360;"MIGHTYHOOP 6"" X 8"" ECO";1723;"MIGHTYHOOP 6&quot; X 8&quot; ECO";NO;NO;0.0;0;Duplicado import reciente (id alto). Conservar producto legacy con mismo SKU.
ARCHIVAR;3191;ST-M0803-HA360;"MIGHTYHOOP 7,75"" X 2,75"" ECO";1719;"MIGHTYHOOP 7,75&quot; X 2,75&quot; ECO";NO;NO;0.0;0;Duplicado import reciente (id alto). Conservar producto legacy con mismo SKU.
ARCHIVAR;3231;ST-M0809-HA360;"MIGHTYHOOP 8,5 X 9"" ECO";2991;"MIGHTYHOOP 8,5 X 9&quot; ECO";NO;NO;0.0;0;Duplicado import reciente (id alto). Conservar producto legacy con mismo SKU.
ARCHIVAR;3190;ST-M0813-HA500;"MIGHTYHOOP 8 X 13"" ECO";1716;"MIGHTYHOOP 8 X 13&quot; ECO";NO;NO;0.0;0;Duplicado import reciente (id alto). Conservar producto legacy con mismo SKU.
ARCHIVAR;3230;ST-M0905-HA360;"MIGHTYHOOP 8,7 X 4,9"" ECO";2990;"MIGHTYHOOP 8,7 X 4,9&quot; ECO";NO;NO;0.0;0;Duplicado import reciente (id alto). Conservar producto legacy con mismo SKU.
ARCHIVAR;3228;ST-M1010;"""MARCO"" MIGHTYHOOP 10"" ECO";2950;MARCO MIGHTYHOOP 10 ECO;NO;NO;0.0;0;Duplicado import reciente (id alto). Conservar producto legacy con mismo SKU.
ARCHIVAR;3226;ST-M1212-HA500;"MIDGHTYHOOP 12 X 12"" ECO";2948;MIDGHTYHOOP 12 X 12 ECO;NO;NO;0.0;0;Duplicado import reciente (id alto). Conservar producto legacy con mismo SKU.
ARCHIVAR;3220;ST-M1304-HA500;"MIGHTYHOOP 12,6"" X 3,9"" ECO";2719;"MIGHTYHOOP 12,6&quot; X 3,9&quot; ECO";NO;NO;0.0;0;Duplicado import reciente (id alto). Conservar producto legacy con mismo SKU.
ARCHIVAR;3192;ST-M1316-HA500;"MIGHTYHOOP 12,5"" X 15,5"" ECO";1721;"MIGHTYHOOP 12,5&quot; X 15,5&quot; ECO";NO;NO;0.0;0;Duplicado import reciente (id alto). Conservar producto legacy con mismo SKU.
ARCHIVAR;3227;ST-M1716-HA500;"MIGHTYHOOP 17 X 16""";2949;"MIGHTYHOOP 17 X 16&quot;";NO;NO;0.0;0;Duplicado import reciente (id alto). Conservar producto legacy con mismo SKU.
ARCHIVAR;3195;ST-M6565-HA360;"MIGHTYHOOP 6,5"" X 6,5"" ECO";1724;"MIGHTYHOOP 6,5&quot; X 6,5&quot; ECO";NO;NO;0.0;0;Duplicado import reciente (id alto). Conservar producto legacy con mismo SKU.
ARCHIVAR;3221;ST-M7272-HA500;"MIGHTYHOOP 7,25"" ECO";2720;"MIGHTYHOOP 7,25&quot; ECO";NO;NO;0.0;0;Duplicado import reciente (id alto). Conservar producto legacy con mismo SKU.
ARCHIVAR;3224;TA-9A0802400012;"EXCENTRICO PARTIDO  PRENSATELAS (M) TAJIMA:
(TFMX, TFMXII, TFGN,)";2863;EXCENTRICO PARTIDO  PRENSATELAS (M) TAJIMA: (TFMX, TFMXII, TFGN,);NO;NO;0.0;0;Duplicado import reciente (id alto). Conservar producto legacy con mismo SKU.
ARCHIVAR;3223;TA-9A0802500000;"EXCENTRICO PARTIDO  PRENSATELAS (F1) TAJIMA:
(TFHX, TMFD, TFGN, TMLH-MIX, TMLHII-MIX Y TCMX-MIX)";2862;EXCENTRICO PARTIDO  PRENSATELAS (F1) TAJIMA: (TFHX, TMFD, TFGN, TMLH-MIX, TMLHII-MIX Y TCMX-MIX);NO;NO;0.0;0;Duplicado import reciente (id alto). Conservar producto legacy con mismo SKU.
ARCHIVAR;3213;hcd29582;"FRONT PANEL COVER 7"" HAPPY";2432;"FRONT PANEL COVER 7&quot; HAPPY";NO;NO;0.0;0;Duplicado import reciente (id alto). Conservar producto legacy con mismo SKU.
ARCHIVAR;3214;hcd29590;"REAR COVER PANEL 7"" HAPPY";2433;"REAR COVER PANEL 7&quot; HAPPY";NO;NO;0.0;0;Duplicado import reciente (id alto). Conservar producto legacy con mismo SKU.
