WC ID;SKU WC;Nombre WC;Odoo ID;Referencia Odoo;Nombre Odoo;Variantes;Tipo Odoo
7945;ESD-E4;Software Wilcom EmbROIDERY Studio e4 Designing;467;ESD-E4;Software Wilcom EmbROIDERY Studio e4 Designing;1;product
7947;DC-E4;SOFTWARE WILCOM DECORATING e4;468;DC-E4;SOFTWARE WILCOM DECORATING e4;1;product
7948;ENTRETELA 506RG;ENTRETELA PAPEL 50 GRAMOS;469;ENTRETELA 506RG;ENTRETELA PAPEL 50 GRAMOS;1;product
7950;ENTRETELA 504RG;ENTRETELA PAPEL 36 GRAMOS;470;ENTRETELA 504RG;ENTRETELA PAPEL 36 GRAMOS;1;product
7952;ENTRETELA 508RG;ENTRETELA PAPEL 60 GRAMOS;3488;ENTRETELA 508RG;ENTRETELA PAPEL 60 GRAMOS;1;product
7954;TS2025;ENTRETELA VISCOSA SUAVE, 25 GRAMOS;472;TS2025;ENTRETELA VISCOSA SUAVE, 25 GRAMOS;1;product
7956;TS2055;ENTRETELA BLANCA DE VISCOSA SUAVE, 55 GRAMOS;3486;TS2055;ENTRETELA BLANCA DE VISCOSA SUAVE, 55 GRAMOS;1;product
7958;TS2080;ENTRETELA VISCOSA SUAVE, 80 GRAMOS;474;TS2080;ENTRETELA VISCOSA SUAVE, 80 GRAMOS;1;product
7960;TS20100;ENTRETELA VISCOSA SUAVE, 100 GRAMOS;475;TS20100;ENTRETELA VISCOSA SUAVE, 100 GRAMOS;1;product
7962;BASE100BLANCA;ENTRETELA BLANCA BASE 100;476;BASE100BLANCA;ENTRETELA BLANCA BASE 100;1;product
7964;BASE70BLANCA;ENTRETELA BASE 70 BLANCA;3484;BASE70BLANCA;ENTRETELA BASE 70 BLANCA;1;product
7966;BASE50BLANCA;ENTRETELA BLANCA BASE 50;478;BASE50BLANCA;ENTRETELA BLANCA BASE 50;1;product
7972;SILVASS LUBRICANTE;SILVASS;481;SILVASS;SILVASS;1;product
7974;TAKTER 650;TAKTER 650 ADHESIVO;482;TAKTER 650;TAKTER 650 ADHESIVO SPRAY 500ML;1;product
7976;TAKTER 800;TAKTER 800 ADHESIVO;483;TAKTER 800;TAKTER 800 ADHESIVO;1;product
7978;SILICONE EXTRA;SILICONE EXTRA SILICONA;484;SILICONE EXTRA;SILICONE EXTRA SILICONA;1;product
7980;PULIMAK 1;PULIMAK 1 LIMPIADOR DE TEJIDOS;3241;PULIMAK 1;PULIMAK 1 LIMPIADOR DE TEJIDOS;1;consu
7982;DETER 100;DETER 100 LIMPIADOR MAQUINARIA;485;DETER 100;DETER 100 LIMPIADOR MAQUINARIA;1;product
7984;PULITEX;PULITEX SPRAY 3 FUNCIONES;486;PULITEX;PULITEX SPRAY 3 FUNCIONES;1;product
7988;P-80113;FISPOLY40, P-80113;489;P-80113;FISPOLY40, P-80113;1;product
7990;P-10200;FISPOLY40, P-10200;490;P-10200;FISPOLY40, P-10200;1;product
7992;P-26793;FISPOLY40, P-26793;491;P-26793;FISPOLY40, P-26793;1;product
7994;P-36640;FISPOLY40, P-36640;492;P-36640;FISPOLY40, P-36640;1;product
7996;P-36703;FISPOLY40, P-36703;493;P-36703;FISPOLY40, P-36703;1;product
7998;P-40104;FISPOLY40, P-40104;494;P-40104;FISPOLY40, P-40104;1;product
8000;P-40116;FISPOLY40, P-40116;495;P-40116;FISPOLY40, P-40116;1;product
8002;P-40135;FISPOLY40, P-40135;496;P-40135;FISPOLY40, P-40135;1;product
8004;P-50123;FISPOLY40, P-50123;497;P-50123;FISPOLY40, P-50123;1;product
8006;P-56051;FISPOLY40, P-56051;498;P-56051;FISPOLY40, P-56051;1;product
8008;P-56404;FISPOLY40, P-56404;499;P-56404;FISPOLY40, P-56404;1;product
8010;P-70107;FISPOLY40, P-70107;500;P-70107;FISPOLY40, P-70107;1;product
8012;P-70153;FISPOLY40, P-70153;501;P-70153;FISPOLY40, P-70153;1;product
8014;P-70154;FISPOLY40, P-70154;502;P-70154;FISPOLY40, P-70154;1;product
8016;P-70164;FISPOLY40, P-70164;503;P-70164;FISPOLY40, P-70164;1;product
8018;P-80103;FISPOLY40, P-80103;504;P-80103;FISPOLY40, P-80103;1;product
8021;P-BEYAZ (BLANCO);FISPOLY40, BEYAZ (BLANCO);3506;P-BEYAZ (BLANCO);FISPOLY40, BEYAZ (BLANCO);1;product
8023;P-10102;FISPOLY40, P-10102;507;P-10102;FISPOLY40, P-10102;1;product
8025;P-26788;FISPOLY40, P-26788;508;P-26788;FISPOLY40, P-26788;1;product
8027;P-30100;FISPOLY40, P-30100;509;P-30100;FISPOLY40, P-30100;1;product
8029;P-30111;FISPOLY40, P-30111;510;P-30111;FISPOLY40, P-30111;1;product
8031;P-30112;FISPOLY40, P-30112;511;P-30112;FISPOLY40, P-30112;1;product
8033;P-30176;FISPOLY40, P-30176;512;P-30176;FISPOLY40, P-30176;1;product
8035;P-36701;FISPOLY40, P-36701;513;P-36701;FISPOLY40, P-36701;1;product
8037;P-46487;FISPOLY40, P-46487;514;P-46487;FISPOLY40, P-46487;1;product
8039;P-46498;FISPOLY40, P-46498;515;P-46498;FISPOLY40, P-46498;1;product
8041;P-46887;FISPOLY40, P-46887;516;P-46887;FISPOLY40, P-46887;1;product
8043;P-46891;FISPOLY40, P-46891;517;P-46891;FISPOLY40, P-46891;1;product
8045;P-46896;FISPOLY40, P-46896;518;P-46896;FISPOLY40, P-46896;1;product
8047;P-50142;FISPOLY40, P-50142;519;P-50142;FISPOLY40, P-50142;1;product
8049;P-50153;FISPOLY40, P-50153;520;P-50153;FISPOLY40, P-50153;1;product
8051;P-56065;FISPOLY40, P-56065;521;P-56065;FISPOLY40, P-56065;1;product
8053;P-60120;FISPOLY40, P-60120;522;P-60120;FISPOLY40, P-60120;1;product
8055;P-70101;FISPOLY40, P-70101;523;P-70101;FISPOLY40, P-70101;1;product
8057;P-70102;FISPOLY40, P-70102;524;P-70102;FISPOLY40, P-70102;1;product
8059;P-70155;FISPOLY40, P-70155;525;P-70155;FISPOLY40, P-70155;1;product
8061;P-90104;FISPOLY40, P-90104;526;P-90104;FISPOLY40, P-90104;1;product
8063;P-SIYAH (NEGRO);FISPOLY40, SIYAH (NEGRO);3490;P-SIYAH (NEGRO);FISPOLY40, SIYAH (NEGRO);1;product
8065;P-16934;FISPOLY40, P-16934;528;P-16934;FISPOLY40, P-16934;1;product
8067;P-20148;FISPOLY40, P-20148;529;P-20148;FISPOLY40, P-20148;1;product
8069;P-30116;FISPOLY40, P-30116;530;P-30116;FISPOLY40, P-30116;1;product
8071;P-30183;FISPOLY40, P-30183;531;P-30183;FISPOLY40, P-30183;1;product
8073;P-40109;FISPOLY40, P-40109;532;P-40109;FISPOLY40, P-40109;1;product
8075;P-66409;FISPOLY40, P-66409;533;P-66409;FISPOLY40, P-66409;1;product
8077;P-70140;FISPOLY40, P-70140;534;P-70140;FISPOLY40, P-70140;1;product
8079;P-70100;FISPOLY40, P-70100;535;P-70100;FISPOLY40, P-70100;1;product
8081;P-30147;FISPOLY40, P-30147;536;P-30147;FISPOLY40, P-30147;1;product
8083;P-40112;FISPOLY40, P-40112;537;P-40112;FISPOLY40, P-40112;1;product
8085;P-10105;FISPOLY40, P-10105;538;P-10105;FISPOLY40, P-10105;1;product
8091;P-10103;FISPOLY40, P-10103;544;P-10103;FISPOLY40, P-10103;1;product
8093;P-10116;FISPOLY40, P-10116;546;P-10116;FISPOLY40, P-10116;1;product
8095;P-50134;FISPOLY40, P-50134;547;P-50134;FISPOLY40, P-50134;1;product
8097;P-10157;FISPOLY40, P-10157;548;P-10157;FISPOLY40, P-10157;1;product
8098;P-20126;FISPOLY40, P-20126;549;P-20126;FISPOLY40, P-20126;1;product
8103;P-10153;FISPOLY40, P-10153;553;P-10153;FISPOLY40, P-10153;1;product
8105;P-20120;FISPOLY40, P-20120;554;P-20120;FISPOLY40, P-20120;1;product
8107;P-26797;FISPOLY40, P-26797;555;P-26797;FISPOLY40, P-26797;1;product
8117;P-20130;FISPOLY40, P-20130;564;P-20130;FISPOLY40, P-20130;1;product
8119;P-5644;FISPOLY40, P-5644;565;P-5644;FISPOLY40, P-5644;1;product
8121;P-56405;FISPOLY40, P-56405;566;P-56405;FISPOLY40, P-56405;1;product
8123;P-56413;FISPOLY40, P-56413;567;P-56413;FISPOLY40, P-56413;1;product
8126;P-46499;FISPOLY40, P-46499;569;P-46499;FISPOLY40, P-46499;1;product
8129;P-56402;FISPOLY40, P-56402;571;P-56402;FISPOLY40, P-56402;1;product
8139;P-40136;FISPOLY40, P-40136;578;P-40136;FISPOLY40, P-40136;1;product
8146;P-80147;FISPOLY40, P-80147;584;P-80147;FISPOLY40, P-80147;1;product
8158;P-80133;FISPOLY40, P-80133;595;P-80133;FISPOLY40, P-80133;1;product
8161;P-80120;FISPOLY40, P-80120;597;P-80120;FISPOLY40, P-80120;1;product
8164;P-80134;FISPOLY40, P-80134;599;P-80134;FISPOLY40, P-80134;1;product
8169;P-56046;FISPOLY40, P-56046;603;P-56046;FISPOLY40, P-56046;1;product
8172;P-56053;FISPOLY40, P-56053;605;P-56053;FISPOLY40, P-56053;1;product
8174;P-10144;FISPOLY40, P-10144;606;P-10144;FISPOLY40, P-10144;1;product
8177;P-56037;FISPOLY40, P-56037;608;P-56037;FISPOLY40, P-56037;1;product
8181;P-10154;FISPOLY40, P-10154;611;P-10154;FISPOLY40, P-10154;1;product
8184;P-56038;FISPOLY40, P-56038;613;P-56038;FISPOLY40, P-56038;1;product
8186;P-50279;FISPOLY40, P-50279;620;P-50279;FISPOLY40, P-50279;1;product
8188;P-60138;FISPOLY40, P-60138;622;P-60138;FISPOLY40, P-60138;1;product
8190;P-60125;FISPOLY40, P-60125;628;P-60125;FISPOLY40, P-60125;1;product
8192;P-20114;FISPOLY40, P-20114;635;P-20114;FISPOLY40, P-20114;1;product
8194;P-56047;FISPOLY40, P-56047;636;P-56047;FISPOLY40, P-56047;1;product
8196;P-50106;FISPOLY40, P-50106;637;P-50106;FISPOLY40, P-50106;1;product
8198;P-50158;FISPOLY40, P-50158;639;P-50158;FISPOLY40, P-50158;1;product
8200;P-50149;FISPOLY40, P-50149;640;P-50149;FISPOLY40, P-50149;1;product
8202;P-50136;FISPOLY40, P-50136;643;P-50136;FISPOLY40, P-50136;1;product
8204;P-46600;FISPOLY40, P-46600;651;P-46600;FISPOLY40, P-46600;1;product
8206;P-70267;FISPOLY40, P-70267;652;P-70267;FISPOLY40, P-70267;1;product
8208;P-70113;FISPOLY40, P-70113;654;P-70113;FISPOLY40, P-70113;1;product
8210;P-70136;FISPOLY40, P-70136;657;P-70136;FISPOLY40, P-70136;1;product
8212;P-70160;FISPOLY40, P-70160;658;P-70160;FISPOLY40, P-70160;1;product
8217;P-70134;FISPOLY40, P-70134;663;P-70134;FISPOLY40, P-70134;1;product
8220;P-70142;FISPOLY40, P-70142;665;P-70142;FISPOLY40, P-70142;1;product
8224;P-70159;FISPOLY40, P-70159;668;P-70159;FISPOLY40, P-70159;1;product
8227;P-70104;FISPOLY40, P-70104;670;P-70104;FISPOLY40, P-70104;1;product
8230;P-36634;FISPOLY40, P-36634;672;P-36634;FISPOLY40, P-36634;1;product
8239;P-80118;FISPOLY40, P-80118;687;P-80118;FISPOLY40, P-80118;1;product
8241;P-70146;FISPOLY40, P-70146;688;P-70146;FISPOLY40, P-70146;1;product
8243;P-80132;FISPOLY40, P-80132;689;P-80132;FISPOLY40, P-80132;1;product
8245;P-80121;FISPOLY40, P-80121;691;P-80121;FISPOLY40, P-80121;1;product
8247;P-70120;FISPOLY40, P-70120;692;P-70120;FISPOLY40, P-70120;1;product
8249;P-70147;FISPOLY40, P-70147;694;P-70147;FISPOLY40, P-70147;1;product
8251;P-80116;FISPOLY40, P-80116;696;P-80116;FISPOLY40, P-80116;1;product
8253;P-80148;FISPOLY40, P-80148;697;P-80148;FISPOLY40, P-80148;1;product
8255;P-80108;FISPOLY40, P-80108;699;P-80108;FISPOLY40, P-80108;1;product
8257;P-80143;FISPOLY40, P-80143;703;P-80143;FISPOLY40, P-80143;1;product
8259;P-60101;FISPOLY40, P-60101;704;P-60101;FISPOLY40, P-60101;1;product
8261;P-46890;FISPOLY40, P-46890;705;P-46890;FISPOLY40, P-46890;1;product
8263;P-90102;FISPOLY40, P-90102;708;P-90102;FISPOLY40, P-90102;1;product
8265;P-70163;FISPOLY40, P-70163;712;P-70163;FISPOLY40, P-70163;1;product
8267;P-70162;FISPOLY40, P-70162;713;P-70162;FISPOLY40, P-70162;1;product
8269;P-20150;FISPOLY40, P-20150;715;P-20150;FISPOLY40, P-20150;1;product
8296;ST-M0505-H36;"MIGHTYHOOP 5,5"" ECO";3514;ST-M0505-H36;"MIGHTYHOOP 5,5"" ECO";1;product
8298;ST-M1010-H36;"MIGHTYHOOP 10 X 10&quot; ECO";3513;ST-M1010-H36;"MIGHTYHOOP 10 X 10&quot; ECO";1;product
8300;ST-M1113-H50;"MIGHTYHOOP 11 X 13&quot; ECO";3512;ST-M1113-H50;"MIGHTYHOOP 11 X 13&quot; ECO";1;product
8302;MH 4,25x13 H;MIGHTY HOOP 4,25 X 13;971;MH 4,25x13 H;MIGHTY HOOP 4,25 X 13;1;product
8306;MH 4,25;MIGHTY HOOP 4,25;973;MH 4,25;MIGHTY HOOP 4,25;1;product
8308;MH 4,25X16;MIGHTY HOOP 4,25X16;974;MH 4,25X16;MIGHTY HOOP 4,25X16;1;product
8310;MH 4,25X13 SL;MIGHTY HOOP 4,25X13 SL;975;MH 4,25X13 SL;MIGHTY HOOP 4,25X13 SL;1;product
8312;MH 5,5;MIGHTY HOOP 5,5;976;MH 5,5;MIGHTY HOOP 5,5;1;product
8314;MH 6,5;MIGHTY HOOP 6,5;977;MH 6,5;MIGHTY HOOP 6,5;1;product
8316;MH 7,25;MIGHTY HOOP 7,25;978;MH 7,25;MIGHTY HOOP 7,25;1;product
8318;FRA40093;BASTIDOR HAPPYJAPAN DE 32X32 CM.;985;FRA40093;BASTIDOR HAPPYJAPAN DE 32X32 CM.;1;product
8319;GBDBXK5-RG;AGUJA DBXK5 RG 10 uds;3511;;AGUJA DBXK5 RG 10 uds;9;product
8335;MERROW MG-3U;MERROW MG-3U;3510;MERROW MG-3U;MERROW MG-3U;1;product
8336;MERROW MG-3U VELCRO;MERROW MG-3U VELCRO;3509;MERROW MG-3U VELCRO;MERROW MG-3U VELCRO;1;product
8350;TSVELLUTEX48X68G;VELLUTEX GRIS;1044;TSVELLUTEX48X68G;VELLUTEX GRIS;1;product
8355;LUBRIBORD;ACEITE EN SPRAY lubribord 400 ml;1191;LUBRIBORD;ACEITE EN SPRAY LUBRIBORD 400 ml;1;product
8357;ACEITEC;ACEITE LIQUIDO,1L.;1217;ACEITEC;ACEITE LIQUIDO,1L.;1;product
8363;GBDBXK5SAN1-RG;AGUJAS DBXK5 RG GEBEDUR san1 10 uds;3505;;AGUJAS DBXK5 RG GEBEDUR san1 10 uds;5;product
8364;GB135X17-R;AGUJAS 135X17-R 10 uds;3496;;AGUJAS 135X17-R 10 uds;10;product
8368;KITBASCAL;KIT COMPLETO BASTIDOR CALCETINES HAPPY;1262;KITBASCAL;KIT COMPLETO BASTIDOR CALCETINES HAPPY;1;product
8371;SPRAY LIMPIADOR GRANDE;DK5 SPRAY LIMPIADOR 500ML;3498;SPRAY LIMPIADOR GRANDE;DK5 SPRAY LIMPIADOR 500ML;1;product
8376;GB134R;AGUJAS 134R 10 uds;3495;;AGUJAS 134R 10 uds;14;product
8377;ACEITE LB5;ACEITE LB5 300 ML.;1425;ACEITE LB5;ACEITE LB5 300 ML.;1;product
8378;DTM-BF;REGULADOR DIGITAL DE TENSIÓN TOWA;1437;DTM-BF;REGULADOR DIGITAL DE TENSIÓN TOWA;1;product
8379;HCD13A30;LUZ HAPPY HCD2/HCD3/HCR2;1493;HCD13A30;LUZ HAPPY HCD2/HCD3/HCR2/HCR3;1;product
9902;ESL-E4;SOFTWARE WILCOM LETTERING e4;1522;ESL-E4;SOFTWARE WILCOM LETTERING e4;1;product
9903;ESE-E4;SOFTWARE WILCOM EDITTING e4;1523;ESE-E4;SOFTWARE WILCOM EDITTING e4;1;product
14582;TRANSC-H-140;ENCONADORA, TRANSCONADORA;1525;TRANSC-H-140;ENCONADORA, TRANSCONADORA;1;product
78294;HCHplus-701-30;HAPPY HCHplus-701-30;435;HCHplus-701-30;HAPPY HCHplus-701-30;1;product
78511;ST1512;BASTIDOR RECTANGULAR DE 15X12 CM.;1551;ST1512;BASTIDOR RECTANGULAR DE 15X12 CM.;1;product
78518;HCS2-1201-30W;HAPPY HCS2-1201-30;438;HCS2-1201-30W;HAPPY HCS2-1201-30;1;product
78520;HCD3e-1501-40W;HCD3e-1501-40W;442;HCD3e-1501-40W;HCD3e-1501-40W;1;product
78701;HCU-1401-40;HCU-1401-40W;980;HCU-1401-40;"HCU-1401-40W - Máquina de bordar de 1 cabezal y 14 agujas. - Prensatelas con regulación electrónica de altura y ajuste automático de el espesor del genero. -Marcador láser en cruz 100% preciso, un campo de trabajo de 400X600 tanto en tubular como en plano. - Campo ampliable a 400X1200. - Pantalla táctil de 7"".  - Auto reparación automática de todos lo errores. - Conexión WIFI y LAN. - Iluminación LED sobre el área de bordado. - Velocidad de 1500 r.p.m. Incluye, 4 juegos de bastidores tubulares, bancada y accesorios, kit bastidor de gorras (80X360).";1;product
90208;TJ9807;TIJERAS FISKARS BORDADO hoja recta 10cm;1218;TJ9807;TIJERAS FISKARS BORDADO hoja recta 10cm;1;product
90210;11-TC-100MET;TIJERAS DE MANO METALICAS;1219;11-TC-100MET;TIJERAS CORTAHILOS DE MANO METALICAS;1;product
90212;K5165;TIJERAS KAI N5165 165MM;1220;K5165;TIJERAS KAI N5165 165MM;1;product
90214;TJ9859;TIJERAS FISKARS MEDIANAs 17cm. NAR.;1221;TJ9859;TIJERAS FISKARS MEDIANAs 17cm. NAR.;1;product
90216;TJ9853;TIJERAS FISKARS GRANDES 21CM, PARA DIESTROS.;1222;TJ9853;TIJERAS FISKARS GRANDES 21CM, PARA DIESTROS.;1;product
90218;TJ9808;TIJERAS FISKARS BORDADO HOJA CURVA 10 CM.;1223;TJ9808;TIJERAS FISKARS BORDADO HOJA CURVA 10 CM.;1;product
90220;TJ9881;TIJERAS FISKARS BORDADO 13 CM.;1224;TJ9881;TIJERAS FISKARS BORDADO 13 CM.;1;product
90256;TJ9959;TIJERAS FISKARS MEDIANAs 17cm. NEGRAS.;1578;TJ9959;TIJERAS FISKARS MEDIANAs 17cm. NEGRAS.;1;product
329543;FRA41070;TORNILLO ARO BASTIDOR  HAPPY L=25mm;1126;FRA41070;TORNILLO ARO BASTIDOR  HAPPY L=25mm;1;product
329545;FRA41080;TORNILLO ARO BASTIDOR  HAPPY L=29 MM.;1127;FRA41080;TORNILLO ARO BASTIDOR  HAPPY L=29 MM.;1;product
346647;TJ9850;TIJERAS FISKARS GRANDES 21CM, PARA ZURDOS.;1579;TJ9850;TIJERAS FISKARS GRANDES 21CM, PARA ZURDOS.;1;product
346888;887-160122-M;MÁQUINA BASE PLANA DÜRKOPP ADLER MODELO 887-160122-M;3482;887-160122-M;MÁQUINA BASE PLANA DÜRKOPP ADLER MODELO 887-160122-M;1;product
392499;HP482590;RODAMIENTO CON GOMA AJUSTE PANTÓGRAFO BARUDAN.;1718;HP482590;RODAMIENTO CON GOMA AJUSTE PANTÓGRAFO BARUDAN.;1;product
394729;HMK-001;KIT FIJACIÓN ECO BASTIDORES MAGNÉTICOS.;1729;HMK-001;KIT FIJACIÓN ECO BASTIDORES MAGNÉTICOS.;1;product
420502;FRA48010;ONE-POINT FRAME (SMALL);1874;FRA48010;ONE-POINT FRAME (SMALL);1;product
420503;FRA48160;BASTIDOR MANGAS Y PERNERAS ORIGINAL HAPPY;1875;FRA48160;BASTIDOR-ONE POINT (EXTRA LARGE) MANGAS Y PERNERAS ORIGINAL HAPPY;1;product
465289;CAUT13102;MÁQUINA BOBINADORA DE CANILLAS AUTOMÁTICA. (CANILLERO);1332;CAUT13102;MÁQUINA BOBINADORA DE CANILLAS AUTOMÁTICA. (CANILLERO);1;product
621844;EMBROIDERYERASER;BORRADOR DE BORDADOS;1921;EMBROIDERYERASER;BORRADOR DE BORDADOS;1;product
622618;FRA21D10;BASTIDOR PINZAS HAPPY HCD2, HCD3. PARA CALZADO, BOTAS, ETC.;1614;FRA21D10;BASTIDOR PINZAS HAPPY HCD2, HCD3. PARA CALZADO, BOTAS, ETC.;1;product
671502;FRA21D00;BASTIDOR PINZAS HAPPY HCH+, HCS2. PARA CALZADO, BOTAS, ETC.;1949;FRA21D00;BASTIDOR PINZAS HAPPY HCH+, HCS2. PARA CALZADO, BOTAS, ETC.;1;product
887206;HSA04021;CAJA BOBINA ORIGINAL HAPPY;1295;HSA04021;CAJA BOBINA ORIGINAL HAPPY;1;product
887211;HSA04031;CAJA BOBINA ORIGINAL HAPPY PARA CANILLA PREBOBINADA;1374;HSA04031;CAJA BOBINA ORIGINAL HAPPY PARA CANILLA PREBOBINADA;1;product
916176;HCS3-1201-40;HAPPY HCS3-1201-40;1955;HCS3-1201-40;HAPPY HCS3-1201-40;1;product
974879;HCD79161;VENTILADOR HAPPY HCD2;2038;HCD79161;VENTILADOR HAPPY HCD2;1;product
1101581;FRA48020;ONE-POINT FRAME (LARGE);1884;FRA48020;ONE-POINT FRAME (LARGE);1;product
1104075;TECH 12;BASTIDOR TUBULAR TECH 12CM TIPO HAPPY;1422;TECH 12;BASTIDOR TUBULAR TECH 12CM TIPO HAPPY;1;product
1124954;FRA40542;BASTIDOR HAPPYJAPAN DE MADERA 42x44 CM.;1912;FRA40542;BASTIDOR HAPPYJAPAN DE MADERA 42x44 CM.;1;product
1124957;FRA40013;Set Tornillo ajuste para bastidor cuadrado HAPPY/ADJUSTING SCREW SET FOR PTA SQUARE FRAME;1923;FRA40013;SET TORNILLO AJUSTE PARA BASTIDOR CUADRADO HAPPY;1;product
1144927;TS2055NEGRA;ENTRETELA NEGRA DE VISCOSA SUAVE, 55 GRAMOS;2064;TS2055NEGRA;ENTRETELA NEGRA DE VISCOSA SUAVE, 55 GRAMOS;1;product
1169299;GS3V;LECTOR USB PARA TODAS LAS MARCAS DE MAQUINAS DE BORDAR;2221;GS3V;LECTOR USB PARA TODAS LAS MARCAS DE MAQUINAS DE BORDAR;1;product
1189784;105WL;ENTRETELA BASE DE ARRANCAR, 105 GRAMOS;3508;105WL;ENTRETELA BASE DE ARRANCAR, 105 GRAMOS;1;product
1189786;70WL;ENTRETELA BASE DE ARRANCAR, 70 GRAMOS;3507;70WL;ENTRETELA BASE DE ARRANCAR, 70 GRAMOS;1;product
1189889;HILOCANILLA;HILO CANILLA 125000M;2369;HILOCANILLA;HILO CANILLA 125000M;1;product
1189926;ISAMET 2943-0490;HILO METÁLICO ISAMET ORO 0490;3501;ISAMET 2943-0490;HILO METÁLICO ISAMET ORO 0490;1;product
1189929;ISAMET 2943-0491;HILO METÁLICO ISAMET ORO 0491;3494;ISAMET 2943-0491;HILO METÁLICO ISAMET ORO 0491;1;product
1189932;ISAMET 2943-0493;HILO METÁLICO ISAMET ORO 0493;3493;ISAMET 2943-0493;HILO METÁLICO ISAMET ORO 0493;1;product
1189934;ISAMET 2943-0501;HILO METÁLICO ISAMET PLATA 0501;3492;ISAMET 2943-0501;HILO METÁLICO ISAMET PLATA 0501;1;product
1189936;ISAMET 2943-0511;HILO METÁLICO ISAMET PLATA 0511;3491;ISAMET 2943-0511;HILO METÁLICO ISAMET PLATA 0511;1;product
1189968;TIJBLA;TIJERAS 10 CM CURVAS PARA EL BORDADO;2872;TIJBLA;TIJERAS 10 CM CURVAS PARA EL BORDADO;1;product
1189974;HOT MELT FILM PA100 (100MICRONES);HOT MELT (FILM TERMOADHESIVO);3489;HOT MELT FILM PA100 (100MICRONES);HOT MELT (FILM TERMOADHESIVO);1;product
1190019;P-10362;FISPOLY40, P-10362;2936;P-10362;FISPOLY40, P-10362;1;product
1190084;ST-M0905;"MIGHTYHOOP 8,7 X 4,9"" ECO";3487;ST-M0905;"MIGHTYHOOP 8,7 X 4,9"" ECO";1;product
1190130;MM244;TIJERAS MILLEMETRI 11CM;2875;MM244;TIJERAS MM RECTA 11CM;1;product
1190133;244C;TIJERAS MILLEMETRI CURVA 11CM;3485;244C;TIJERAS MILLEMETRI CURVA 11CM;1;product
1190139;MM246;TIJERAS MILLEMETRI 15,5 CM;2876;MM246;TIJERAS MM 15,5CM;1;product
1190142;MM227;TIJERAS MILLEMETRI 19 CM;2877;MM227;TIJERAS MM 19CM;1;product
1190315;MM245;TIJERAS MILLIMETRI 13,5 CM;3010;MM245;TIJERAS MM 13,5 CM;1;product
1190319;MM228;TIJERAS MILLIMETRI 21,5 CM;3011;MM228;TIJERAS MM 21,5 MM;1;product
1190827;;BASTIDOR DE PINZAS LARGAS BOLSOS/SIDE PARA HCD2/D3/D3e;3483;;BASTIDOR DE PINZAS LARGAS BOLSOS/SIDE PARA HCD2/D3/D3e;1;product
1190831;;BASTIDOR DE PINZAS LARGAS BOLSOS/SIDE PARA HCH/HCS3;3481;;BASTIDOR DE PINZAS LARGAS BOLSOS/SIDE PARA HCH/HCS3;1;product
1190842;;BASTIDOR POINT (EXTRA LARGE) MANGAS Y PERNERAS ORIGINAL HAPPY;3480;;BASTIDOR POINT (EXTRA LARGE) MANGAS Y PERNERAS ORIGINAL HAPPY;1;product
1191051;;CANILLA METALICA BORDADO HAPPY;3479;;CANILLA METALICA BORDADO HAPPY;1;product
1191053;HYGAPE100;HILO DE CANILLA (GRUESO)10.000MTS Nº100;2969;HYGAPE100;HILO DE CANILLA (GRUESO)10.000MTS Nº100;1;product
1191109;;MÁQUINA DE BORDAR ZSK SPRINT 7;3515;;MÁQUINA DE BORDAR ZSK SPRINT 7;1;product
1191118;ENTRETELASOLUBLE;ENTRETETELA HIDROSOLUBLE;1595;ENTRETELASOLUBLE;ENTRETETELA HIDROSOLUBLE  40g (1m x 100m) ROLLO;1;product
1191157;P-10300;FISPOLY40, P-10300;717;P-10300;FISPOLY40, P-10300;1;product
1191159;P-10135;FISPOLY40, P-10135;718;P-10135;FISPOLY40, P-10135;1;product
1191160;P-50115;FISPOLY40, P-50115;719;P-50115;FISPOLY40, P-50115;1;product
1191161;P-10142;FISPOLY40, P-10142;720;P-10142;FISPOLY40, P-10142;1;product
1191162;P-10121;FISPOLY40, P-10121;541;P-10121;FISPOLY40, P-10121;1;product
1191163;P-10114;FISPOLY40, P-10114;721;P-10114;FISPOLY40, P-10114;1;product
1191164;P-10113;FISPOLY40, P-10113;722;P-10113;FISPOLY40, P-10113;1;product
1191165;P-26789;FISPOLY40, P-26789;542;P-26789;FISPOLY40, P-26789;1;product
1191167;P-36705;FISPOLY40, P-36705;724;P-36705;FISPOLY40, P-36705;1;product
1191168;P-10100;FISPOLY40, P-10100;725;P-10100;FISPOLY40, P-10100;1;product
1191169;P-10108;FISPOLY40, P-10108;543;P-10108;FISPOLY40, P-10108;1;product
1191170;P-10101;FISPOLY40, P-10101;726;P-10101;FISPOLY40, P-10101;1;product
1191171;P-26794;FISPOLY40, P-26794;727;P-26794;FISPOLY40, P-26794;1;product
1191185;P-10106;FISPOLY40, P-10106;723;P-10106;FISPOLY40, P-10106;1;product
1191186;P-26790;FISPOLY40, P-26790;728;P-26790;FISPOLY40, P-26790;1;product
1191187;P-36700;FISPOLY40, P-36700;729;P-36700;FISPOLY40, P-36700;1;product
1191188;P-10109;FISPOLY40, P-10109;730;P-10109;FISPOLY40, P-10109;1;product
1191190;P-10122;FISPOLY40, P-10122;731;P-10122;FISPOLY40, P-10122;1;product
1191395;LTB-1838;COLOR 1838;3504;LTB-1838;COLOR 1838;1;product
1191492;LTB-1801;COLOR 1801 (BLANCO);3503;LTB-1801;COLOR 1801 (BLANCO);1;product
1191493;LTB-1765;COLOR 1765;3502;LTB-1765;COLOR 1765;1;product
1191494;LTB-1800;COLOR 1800 (NEGRO);3500;LTB-1800;COLOR 1800 (NEGRO);1;product
1191495;LTB-1624;COLOR 1624;3499;LTB-1624;COLOR 1624;1;product
1191497;LTB-1980;COLOR 1980;3497;LTB-1980;COLOR 1980;1;product
1191523;P-36706;FISPOLY40, P-36706;545;P-36706;FISPOLY40, P-36706;1;product
1191524;P-10111;FISPOLY40, P-10111;540;P-10111;FISPOLY40, P-10111;1;product
1191525;P-26783;FISPOLY40, P-26783;732;P-26783;FISPOLY40, P-26783;1;product
1191526;P-26787;FISPOLY40, P-26787;733;P-26787;FISPOLY40, P-26787;1;product
1191527;P-26796;FISPOLY40, P-26796;734;P-26796;FISPOLY40, P-26796;1;product
1191528;P-10117;FISPOLY40, P10117;735;P-10117;FISPOLY40, P-10117;1;product
1191529;P-50103;FISPOLY40, P50103;539;P-50103;FISPOLY40, P-50103;1;product
1191577;P-20104;FISPOLY40, P-20104;736;P-20104;FISPOLY40, P-20104;1;product
1191578;P-26799;FISPOLY40, P-26799;737;P-26799;FISPOLY40, P-26799;1;product
1191579;P-20103;FISPOLY40, P-20103;738;P-20103;FISPOLY40, P-20103;1;product
1191580;P-26798;FISPOLY40, P-26798;550;P-26798;FISPOLY40, P-26798;1;product
1191581;P-20112;FISPOLY40, P-20112;552;P-20112;FISPOLY40, P-20112;1;product
1191582;P-10104;FISPOLY40, P-10104;739;P-10104;FISPOLY40, P-10104;1;product
1191583;P-26791;FISPOLY40, P-26791;740;P-26791;FISPOLY40, P-26791;1;product
1191584;P-36702;FISPOLY40, P-36702;551;P-36702;FISPOLY40, P-36702;1;product
1191585;P-26784;FISPOLY40, P-26784;741;P-26784;FISPOLY40, P-26784;1;product
1191586;P-30146;FISPOLY40, P-30146;742;P-30146;FISPOLY40, P-30146;1;product
1191587;P-10120;FISPOLY40, P-10120;743;P-10120;FISPOLY40, P-10120;1;product
1191588;P-20124;FISPOLY40, P-20124;744;P-20124;FISPOLY40, P-20124;1;product
1191589;P-30130;FISPOLY40, P-30130;745;P-30130;FISPOLY40, P-30130;1;product
1191590;P-20111;FISPOLY40, P-20111;746;P-20111;FISPOLY40, P-20111;1;product
1191591;P-20101;FISPOLY40, P-20101;747;P-20101;FISPOLY40, P-20101;1;product
1191592;P-20107;FISPOLY40, P-20107;748;P-20107;FISPOLY40, P-20107;1;product
1191593;P-36704;FISPOLY40, P-36704;749;P-36704;FISPOLY40, P-36704;1;product
1191594;P-20102;FISPOLY40, P-20102;556;P-20102;FISPOLY40, P-20102;1;product
1191595;P-26795;FISPOLY40, P-26795;750;P-26795;FISPOLY40, P-26795;1;product
1191596;P-20125;FISPOLY40, P-20125;751;P-20125;FISPOLY40, P-20125;1;product
1191597;P-20100;FISPOLY40, P-20100;752;P-20100;FISPOLY40, P-20100;1;product
1191598;P-50131;FISPOLY40, P-50131;753;P-50131;FISPOLY40, P-50131;1;product
1191599;P-46491;FISPOLY40, P-46491;754;P-46491;FISPOLY40, P-46491;1;product
1191600;P-30132;FISPOLY40, P-30132;755;P-30132;FISPOLY40, P-30132;1;product
1191601;P-30117;FISPOLY40, P-30117;756;P-30117;FISPOLY40, P-30117;1;product
1191602;P-30164;FISPOLY40, P-30164;757;P-30164;FISPOLY40, P-30164;1;product
1191603;P-30140;FISPOLY40, P-30140;758;P-30140;FISPOLY40, P-30140;1;product
1191604;P-66400;FIISPOLY40, P-66400;759;P-66400;FISPOLY40, P-66400;1;product
1191605;P-30107;FISPOLY40, P-30107;760;P-30107;FISPOLY40, P-30107;1;product
1191606;P-30143;FISPOLY40, P-30143;761;P-30143;FISPOLY40, P-30143;1;product
1191609;P-30126;FISPOLY40, P-30126;762;P-30126;FISPOLY40, P-30126;1;product
1191620;P-30145;FISPOLY40, P-30145;557;P-30145;FISPOLY40, P-30145;1;product
1191623;P-56406;FISPOLY40, P-56406;763;P-56406;FISPOLY40, P-56406;1;product
1191625;P-66408;FISPOLY40, P-66408;764;P-66408;FISPOLY40, P-66408;1;product
1191626;P-30128;FISPOLY40, P-30128;558;P-30128;FISPOLY40, P-30128;1;product
1191627;P-40110;FISPOLY40, P-40110;765;P-40110;FISPOLY40, P-40110;1;product
1191629;P-30134;FISPOLY40, P-30134;766;P-30134;FISPOLY40, P-30134;1;product
1191631;P-30144;FISPOLY40, P-30144;767;P-30144;FISPOLY40, P-30144;1;product
1191640;P-30115;FISPOLY40, P-30115;560;P-30115;FISPOLY40, P-30115;1;product
1191641;P-30149;FISPOLY40, P-30149;768;P-30149;FISPOLY40, P-30149;1;product
1191642;P-46488;FISPOLY40, P-46488;769;P-46488;FISPOLY40, P-46488;1;product
1191644;P-46879;FISPOLY40, P-46879;981;P-46879;FISPOLY40,P-46879;1;product
1191647;P-66403;FISPOLY40, P-66403;770;P-66403;FISPOLY40, P-66403;1;product
1191648;P-30182;FISPOLY40, P-30182;561;P-30182;FISPOLY40, P-30182;1;product
1191649;P-30122;FISPOLY40, P-30122;771;P-30122;FISPOLY40, P-30122;1;product
1191650;P-30102;FISPOLY40, P-30102;772;P-30102;FISPOLY40, P-30102;1;product
1191651;P-30120;FISPOLY40, P-30120;773;P-30120;FISPOLY40, P-30120;1;product
1191652;P-30103;FISPOLY40, P-30103;562;P-30103;FISPOLY40, P-30103;1;product
1191653;P-30106;FISPOLY40, P-30106;774;P-30106;FISPOLY40, P-30106;1;product
1191654;P-56403;FISPOLY40, P-56403;775;P-56403;FISPOLY40, P-56403;1;product
1191655;P-66401;FISPOLY40, P-66401;776;P-66401;FISPOLY40, P-66401;1;product
1191656;P-5643;FISPOLY40, P-5643;777;P-5643;FISPOLY40, P-5643;1;product
1191657;P-30127;FISPOLY40, P-30127;778;P-30127;FISPOLY40, P-30127;1;product
1191658;P-30131;FISPOLY40, P-30131;563;P-30131;FISPOLY40, P-30131;1;product
1191659;P-30170;FISPOLY40, P-30170;779;P-30170;FISPOLY40, P-30170;1;product
1191660;P-46489;FISPOLY40, P-46489;780;P-46489;FISPOLY40, P-46489;1;product
1191661;P-30136;FISPOLY40, P-30136;781;P-30136;FISPOLY40, P-30136;1;product
1191662;P-30121;FISPOLY40, P-30121;782;P-30121;FISPOLY40, P-30121;1;product
1191663;P-56401;FISPOLY40, P-56401;783;P-56401;FISPOLY40, P-56401;1;product
1191664;P-20105;FISPOLY40, P-20105;784;P-20105;FISPOLY40, P-20105;1;product
1191665;P-30105;FISPOLY40, P-30105;785;P-30105;FISPOLY40, P-30105;1;product
1191666;P-20109;FISPOLY40, P-20109;786;P-20109;FISPOLY40, P-20109;1;product
1191667;P-30109;FISPOLY40, P-30109;787;P-30109;FISPOLY40, P-30109;1;product
1191668;P-30104;FISPOLY40, P-30104;788;P-30104;FISPOLY40, P-30104;1;product
1191669;P-30108;FISPOLY40, P-30108;789;P-30108;FISPOLY40, P-30108;1;product
1191670;P-66404;FISPOLY40, P-66404;790;P-66404;FISPOLY40, P-66404;1;product
1191671;P-30175;FISPOLY40, P-30175;791;P-30175;FISPOLY40, P-30175;1;product
1191672;P-30142;FISPOLY40, P-30142;568;P-30142;FISPOLY40, P-30142;1;product
1191673;P-56414;FISPOLY40, P-56414;792;P-56414;FISPOLY40, P-56414;1;product
1191674;P-30110;FISPOLY40, P-30110;793;P-30110;FISPOLY40, P-30110;1;product
1191675;P-30129;FISPOLY40, P-30129;794;P-30129;FISPOLY40, P-30129;1;product
1191676;P-30123;FISPOLY40, P-30123;795;P-30123;FISPOLY40, P-30123;1;product
1191677;P-30101;FISPOLY40, P-30101;796;P-30101;FISPOLY40, P-30101;1;product
1191678;P-30113;FISPOLY40, P-30113;797;P-30113;FISPOLY40, P-30113;1;product
1191679;P-56411;FISPOLY40, P-56411;798;P-56411;FISPOLY40, P-56411;1;product
1191680;P-20106;FISPOLY40, P-20106;570;P-20106;FISPOLY40, P-20106;1;product
1191681;P-56400;FISPOLY40, P-56400;572;P-56400;FISPOLY40, P-56400;1;product
1191682;P-66410;FISPOLY40, P-66410;799;P-66410;FISPOLY40, P-66410;1;product
1191683;P-30141;FISPOLY40, P-30141;800;P-30141;FISPOLY40, P-30141;1;product
1191684;P-56410;FISPOLY40, P-56410;574;P-56410;FISPOLY40, P-56410;1;product
1191685;P-56412;FISPOLY40, P-56412;801;P-56412;FISPOLY40, P-56412;1;product
1191686;P-50145;FISPOLY40, P-50145;802;P-50145;FISPOLY40, P-50145;1;product
1191687;P-30165;FISPOLY40, P-30165;803;P-30165;FISPOLY40, P-30165;1;product
1191688;P-30139;FISPOLY40, P-30139;804;P-30139;FISPOLY40, P-30139;1;product
1191689;P-46871;FISPOLY40, P-46871;806;P-46871;FISPOLY40, P-46871;1;product
1191690;P-66402;FISPOLY40, P-66402;807;P-66402;FISPOLY40, P-66402;1;product
1191691;P-40115;FISPOLY40, P-40115;575;P-40115;FISPOLY40, P-40115;1;product
1191692;P-40111;FISPOLY40, P-40111;808;P-40111;FISPOLY40, P-40111;1;product
1191693;P-46895;FISPOLY40, P-46895;809;P-46895;FISPOLY40, P-46895;1;product
1191694;P-46870;FISPOLY40, P-46870;2548;P-46870;FISPOLY40, P-46870;1;product
1191695;P-46864;FISPOLY40, P-46864;576;P-46864;FISPOLY40, P-46864;1;product
1191696;P-40102;FISPOLY40, P-40102;810;P-40102;FISPOLY40, P-40102;1;product
1191697;P-46882;FISPOLY40, P-46882;577;P-46882;FISPOLY40, P-46882;1;product
1191698;P-40125;FISPOLY40, P-40125;811;P-40125;FISPOLY40, P-40125;1;product
1191699;P-46880;FISPOLY40, P-46880;812;P-46880;FISPOLY40, P-46880;1;product
1191700;P-40118;FISPOLY40, P-40118;579;P-40118;FISPOLY40, P-40118;1;product
1191701;P-30133;FISPOLY40, P-30133;813;P-30133;FISPOLY40, P-30133;1;product
1191702;P-30119;FISPOLY40, P-30119;814;P-30119;FISPOLY40, P-30119;1;product
1191703;P-40149;FISPOLY40, P-40149;815;P-40149;FISPOLY40, P-40149;1;product
1191704;P-30137;FISPOLY40, P-30137;580;P-30137;FISPOLY40, P-30137;1;product
1191705;P-46497;FISPOLY40, P-46497;816;P-46497;FISPOLY40, P-46497;1;product
1191706;P-40126;FISPOLY40, P-40126;581;P-40126;FISPOLY40, P-40126;1;product
1191707;P-30138;FISPOLY40, P-30138;817;P-30138;FISPOLY40, P-30138;1;product
1191708;P-30177;FISPOLY40, P-30177;818;P-30177;FISPOLY40, P-30177;1;product
1191709;P-46873;FISPOLY40, P-46873;819;P-46873;FISPOLY40, P-46873;1;product
1191710;P-30118;FISPOLY40, P-30118;582;P-30118;FISPOLY40, P-30118;1;product
1191711;P-30171;FISPOLY40, P-30171;820;P-30171;FISPOLY40, P-30171;1;product
1191712;P-30174;FISPOLY40, P-30174;583;P-30174;FISPOLY40, P-30174;1;product
1191713;P-30173;FISPOLY40, P-30173;821;P-30173;FISPOLY40, P-30173;1;product
1191714;P-40130;FISPOLY40, P-40130;822;P-40130;FISPOLY40, P-40130;1;product
1191715;P-46872;FISPOLY40, P-46872;585;P-46872;FISPOLY40, P-46872;1;product
1191716;P-10141;FISPOLY40, P-10141;823;P-10141;FISPOLY40, P-10141;1;product
1191717;P-40131;FISPOLY40, P-40131;586;P-40131;FISPOLY40, P-40131;1;product
1191718;P-10118;FISPOLY40, P-10118;824;P-10118;FISPOLY40, P-10118;1;product
1191719;P-40117;FISPOLY40, P-40117;825;P-40117;FISPOLY40, P-40117;1;product
1191720;P-60117;FISPOLY40, P-60117;587;P-60117;FISPOLY40, P-60117;1;product
1191721;P-80117;FISPOLY40, P-80117;826;P-80117;FISPOLY40, P-80117;1;product
1191722;P-60106;FISPOLY40, P-60106;588;P-60106;FISPOLY40, P-60106;1;product
1191723;P-40106;FISPOLY40, P-40106;589;P-40106;FISPOLY40, P-40106;1;product
1191724;P-40133;FISPOLY40, P-40133;827;P-40133;FISPOLY40, P-40133;1;product
1191725;P-46886;FISPOLY40, P-46886;590;P-46886;FISPOLY40, P-46886;1;product
1191726;P-40107;FISPOLY40, P-40107;828;P-40107;FISPOLY40, P-40107;1;product
1191727;P-80114;FISPOLY40, P-80114;829;P-80114;FISPOLY40, P-80114;1;product
1191728;P-80139;FISPOLY40, P-80139;591;P-80139;FISPOLY40, P-80139;1;product
1191729;P-40137;FISPOLY40, P-40137;830;P-40137;FISPOLY40, P-40137;1;product
1191730;P-80105;FISPOLY40, P-80105;592;P-80105;FISPOLY40, P-80105;1;product
1191731;P-80138;FISPOLY40, P-80138;593;P-80138;FISPOLY40, P-80138;1;product
1191732;P-80107;FISPOLY40, P-80107;831;P-80107;FISPOLY40, P-80107;1;product
1191733;P-80136;FISPOLY40, P-80136;832;P-80136;FISPOLY40, P-80136;1;product
1191734;P-40138;FISPOLY40, P-40138;594;P-40138;FISPOLY40, P-40138;1;product
1191735;P-40114;FISPOLY40, P-40114;833;P-40114;FISPOLY40, P-40114;1;product
1191736;P-80106;FISPOLY40, P-80106;596;P-80106;FISPOLY40, P-80106;1;product
1191737;P-80100;FISPOLY40, P-80100;834;P-80100;FISPOLY40, P-80100;1;product
1191738;P-80135;FISPOLY40, P-80135;835;P-80135;FISPOLY40, P-80135;1;product
1191739;P-46883;FISPOLY40, P-46883;836;P-46883;FISPOLY40, P-46883;1;product
1191740;P-40103;FISPOLY40, P-40103;837;P-40103;FISPOLY40, P-40103;1;product
1191741;P-80140;FISPOLY40, P-80140;838;P-80140;FISPOLY40, P-80140;1;product
1191742;P-80111;FISPOLY40, P-80111;839;P-80111;FISPOLY40, P-80111;1;product
1191743;P-80112;FISPOLY40, P-80112;598;P-80112;FISPOLY40, P-80112;1;product
1191744;P-80137;FISPOLY40, P-80137;600;P-80137;FISPOLY40, P-80137;1;product
1191745;P-80115;FISPOLY40, P-80115;505;P-80115;FISPOLY40, P-80115;1;product
1191746;P-50164;FISPOLY40, P-50164;601;P-50164;FISPOLY40, P-50164;1;product
1191747;P-5607;FISPOLY40, P-5607;602;P-5607;FISPOLY40, P-5607;1;product
1191748;P-10107;FISPOLY40, P-10107;841;P-10107;FISPOLY40, P-10107;1;product
1191749;P-56048;FISPOLY40, P-56048;604;P-56048;FISPOLY40, P-56048;1;product
1191750;P-50110;FISPOLY40, P-50110;842;P-50110;FISPOLY40, P-50110;1;product
1191751;P-10119;FISPOLY40, P-10119;607;P-10119;FISPOLY40, P-10119;1;product
1191752;P-50114;FISPOLY40, P-50114;843;P-50114;FISPOLY40, P-50114;1;product
1191753;P-56055;FISPOLY40, P-56055;844;P-56055;FISPOLY40, P-56055;1;product
1191754;P-50140;FISPOLY40, P-50140;845;P-50140;FISPOLY40, P-50140;1;product
1191755;P-50137;FISPOLY40, P-50137;846;P-50137;FISPOLY40, P-50137;1;product
1191756;P-50101;FISPOLY40, P-50101;609;P-50101;FISPOLY40, P-50101;1;product
1191757;P-10138;FISPOLY40, P-10138;610;P-10138;FISPOLY40, P-10138;1;product
1191758;P-56062;FISPOLY40, P-56062;847;P-56062;FISPOLY40, P-56062;1;product
1191759;P-56044;FISPOLY40, P-56044;848;P-56044;FISPOLY40, P-56044;1;product
1191760;P-50102;FISPOLY40, P-50102;612;P-50102;FISPOLY40, P-50102;1;product
1191761;P-5608;FISPOLY40, P-5608;849;P-5608;FISPOLY40, P-5608;1;product
1191762;P-50100;FISPOLY40, P-50100;850;P-50100;FISPOLY40, P-50100;1;product
1191763;P-50112;FISPOLY40, P-50112;614;P-50112;FISPOLY40, P-50112;1;product
1191764;P-50104;FISPOLY40, P-50104;851;P-50104;FISPOLY40, P-50104;1;product
1191765;P-50151;FISPOLY40, P-50151;852;P-50151;FISPOLY40, P-50151;1;product
1191766;P-50144;FISPOLY40, P-50144;615;P-50144;FISPOLY40, P-50144;1;product
1191767;P-50161;FISPOLY40, P-50161;853;P-50161;FISPOLY40, P-50161;1;product
1191768;P-50139;FISPOLY40, P-50139;982;P-50139;FISPOLY40,P-50139;1;product
1191769;P-56063;FISPOLY40, P-56063;854;P-56063;FISPOLY40, P-56063;1;product
1191770;P-50122;FISPOLY40, P-50122;616;P-50122;FISPOLY40, P-50122;1;product
1191771;P-56061;FISPOLY40, P-56061;855;P-56061;FISPOLY40, P-56061;1;product
1191772;P-20129;FISPOLY40, P-20129;617;P-20129;FISPOLY40, P-20129;1;product
1191773;P-50127;FISPOLY40, P-50127;618;P-50127;FISPOLY40, P-50127;1;product
1191774;P-50141;FISPOLY40, P-50141;856;P-50141;FISPOLY40, P-50141;1;product
1191775;P-50138;FISPOLY40, P-50138;857;P-50138;FISPOLY40, P-50138;1;product
1191776;P-50152;FISPOLY40, P-50152;619;P-50152;FISPOLY40, P-50152;1;product
1191777;P-50120;FISPOLY40, P-50120;621;P-50120;FISPOLY40, P-50120;1;product
1191778;P-56064;FISPOLY40, P-56064;623;P-56064;FISPOLY40, P-56064;1;product
1191779;P-50111;FISPOLY40, P-50111;858;P-50111;FISPOLY40, P-50111;1;product
1191780;P-50160;FISPOLY40, P-50160;624;P-50160;FISPOLY40, P-50160;1;product
1191781;P-16933;FISPOLY40, P-16933;859;P-16933;FISPOLY40, P-16933;1;product
1191782;P-50124;FISPOLY40, P-50124;860;P-50124;FISPOLY40, P-50124;1;product
1191783;P-60130;FISPOLY40, P-60130;625;P-60130;FISPOLY40, P-60130;1;product
1191784;P-50126;FISPOLY40, P-50126;861;P-50126;FISPOLY40, P-50126;1;product
1191785;P-50130;FISPOLY40, P-50130;626;P-50130;FISPOLY40, P-50130;1;product
1191786;P-60111;FISPOLY40, P-60111;627;P-60111;FISPOLY40, P-60111;1;product
1191787;P-50162;FISPOLY40, P-50162;862;P-50162;FISPOLY40, P-50162;1;product
1191788;P-50109;FISPOLY40, P-50109;629;P-50109;FISPOLY40, P-50109;1;product
1191789;P-50163;FISPOLY40, P-50163;863;P-50163;FISPOLY40, P-50163;1;product
1191790;P-10110;FISPOLY40, P-10110;864;P-10110;FISPOLY40, P-10110;1;product
1191791;P-50146;FISPOLY40, P-50146;630;P-50146;FISPOLY40, P-50146;1;product
1191792;P-60126;FISPOLY40, P-60126;865;P-60126;FISPOLY40, P-60126;1;product
1191793;P-50113;FISPOLY40, P-50113;632;P-50113;FISPOLY40, P-50113;1;product
1191794;P-60128;FISPOLY40, P-60128;866;P-60128;FISPOLY40, P-60128;1;product
1191795;P-56060;FISPOLY40, P-56060;633;P-56060;FISPOLY40, P-56060;1;product
1191796;P-50148;FISPOLY40, P-50148;867;P-50148;FISPOLY40, P-50148;1;product
1191797;P-50159;FISPOLY40, P-50159;868;P-50159;FISPOLY40, P-50159;1;product
1191798;P-50156;FISPOLY40, P-50156;869;P-50156;FISPOLY40, P-50156;1;product
1191799;P-50143;FISPOLY40, P-50143;634;P-50143;FISPOLY40, P-50143;1;product
1191800;P-50119;FISPOLY40, P-50119;870;P-50119;FISPOLY40, P-50119;1;product
1191801;P-50117;FISPOLY40, P-50117;871;P-50117;FISPOLY40, P-50117;1;product
1191802;P-50150;FISPOLY40, P-50150;872;P-50150;FISPOLY40, P-50150;1;product
1191803;P-50121;FISPOLY40, P-50121;873;P-50121;FISPOLY40, P-50121;1;product
1191804;P-20108;FISPOLY40, P-20108;874;P-20108;FISPOLY40, P-20108;1;product
1191805;P-30135;FISPOLY40, P-30135;638;P-30135;FISPOLY40, P-30135;1;product
1191806;P-50154;FISPOLY40, P-50154;875;P-50154;FISPOLY40, P-50154;1;product
1191807;P-56416;FISPOLY40, P-56416;876;P-56416;FISPOLY40, P-56416;1;product
1191808;P-66002;FISPOLY40, P-66002;877;P-66002;FISPOLY40, P-66002;1;product
1191809;P-50165;FISPOLY40, P-50165;878;P-50165;FISPOLY40, P-50165;1;product
1191810;P-50132;FISPOLY40, P-50132;641;P-50132;FISPOLY40, P-50132;1;product
1191811;P-50133;FISPOLY40, P-50133;879;P-50133;FISPOLY40, P-50133;1;product
1191812;P-50129;FISPOLY40, P-50129;880;P-50129;FISPOLY40, P-50129;1;product
1191813;P-50107;FISPOLY40, P-50107;642;P-50107;FISPOLY40, P-50107;1;product
1191814;P-5609;FISPOLY40, P-5609;881;P-5609;FISPOLY40, P-5609;1;product
1191815;P-50118;FISPOLY40, P-50118;882;P-50118;FISPOLY40, P-50118;1;product
1191816;P-50135;FISPOLY40, P-50135;883;P-50135;FISPOLY40, P-50135;1;product
1191817;P-56039;FISPOLY40, P-56039;884;P-56039;FISPOLY40, P-56039;1;product
1191818;P-50128;FISPOLY40, P-50128;885;P-50128;FISPOLY40, P-50128;1;product
1191819;P-50280;FISPOLY40, P-50280;644;P-50280;FISPOLY40, P-50280;1;product
1191820;P-36638;FISPOLY40, P-36638;645;P-36638;FISPOLY40, P-36638;1;product
1191821;P-70124;FISPOLY40, P-70124;886;P-70124;FISPOLY40, P-70124;1;product
1191822;P-70117;FISPOLY40, P-70117;887;P-70117;FISPOLY40, P-70117;1;product
1191823;P-10155;FISPOLY40, P-10155;646;P-10155;FISPOLY40, P-10155;1;product
1191824;P-70123;FISPOLY40, P-70123;888;P-70123;FISPOLY40, P-70123;1;product
1191825;P-70144;FISPOLY40, P-70144;647;P-70144;FISPOLY40, P-70144;1;product
1191826;P-80127;FISPOLY40, P-80127;648;P-80127;FISPOLY40, P-80127;1;product
1191827;P-70133;FISPOLY40, P-70133;889;P-70133;FISPOLY40, P-70133;1;product
1191828;P-70150;FISPOLY40, P-70150;890;P-70150;FISPOLY40, P-70150;1;product
1191829;P-36633;FISPOLY40, P-36633;649;P-36633;FISPOLY40, P-36633;1;product
1191830;P-36642;FISPOLY40, P-36642;891;P-36642;FISPOLY40, P-36642;1;product
1191831;P-70115;FISPOLY40, P-70115;650;P-70115;FISPOLY40, P-70115;1;product
1191832;P-36637;FISPOLY40, P-36637;892;P-36637;FISPOLY40, P-36637;1;product
1191833;P-36648;FISPOLY40, P-36648;893;P-36648;FISPOLY40, P-36648;1;product
1191834;P-36631;FISPOLY40, P-36631;653;P-36631;FISPOLY40, P-36631;1;product
1191835;P-70143;FISPOLY40, P-70143;894;P-70143;FISPOLY40, P-70143;1;product
1191836;P-70108;FISPOLY40, P-70108;895;P-70108;FISPOLY40, P-70108;1;product
1191837;P-80123;FISPOLY40, P-80123;896;P-80123;FISPOLY40, P-80123;1;product
1191838;P-36635;FISPOLY40, P-36635;897;P-36635;FISPOLY40, P-36635;1;product
1191839;P-70125;FISPOLY40, P-70125;898;P-70125;FISPOLY40, P-70125;1;product
1191840;P-70106;FISPOLY40, P-70106;899;P-70106;FISPOLY40, P-70106;1;product
1191841;P-36649;FISPOLY40, P-36649;656;P-36649;FISPOLY40, P-36649;1;product
1191842;P-46602;FISPOLY40, P-46602;900;P-46602;FISPOLY40, P-46602;1;product
1191843;P-36647;FISPOLY40, P-36647;901;P-36647;FISPOLY40, P-36647;1;product
1191844;P-80126;FISPOLY40, P-80126;659;P-80126;FISPOLY40, P-80126;1;product
1191845;P-70131;FISPOLY40, P-70131;902;P-70131;FISPOLY40, P-70131;1;product
1191846;P-70127;FISPOLY40, P-70127;903;P-70127;FISPOLY40, P-70127;1;product
1191847;P-70111;FISPOLY40, P-70111;904;P-70111;FISPOLY40, P-70111;1;product
1191848;P-70128;FISPOLY40, P-70128;660;P-70128;FISPOLY40, P-70128;1;product
1191849;P-80125;FISPOLY40, P-80125;905;P-80125;FISPOLY40, P-80125;1;product
1191850;P-3666;FISPOLY40, P-3666;906;P-3666;FISPOLY40, P-3666;1;product
1191851;P-70139;FISPOLY40, P-70139;661;P-70139;FISPOLY40, P-70139;1;product
1191852;P-70109;FISPOLY40, P-70109;3516;P-70109;FISPOLY40, P-70109;1;product
1191853;P-46601;FISPOLY40, P-46601;908;P-46601;FISPOLY40, P-46601;1;product
1191854;P-70151;FISPOLY40, P-70151;662;P-70151;FISPOLY40, P-70151;1;product
1191855;P-70130;FISPOLY40, P-70130;909;P-70130;FISPOLY40, P-70130;1;product
1191856;P-70145;FISPOLY40, P-70145;910;P-70145;FISPOLY40, P-70145;1;product
1191857;P-70121;FISPOLY40, P-70121;911;P-70121;FISPOLY40, P-70121;1;product
1191858;P-70149;FISPOLY40, P-70149;912;P-70149;FISPOLY40, P-70149;1;product
1191859;P-70137;FISPOLY40, P-70137;664;P-70137;FISPOLY40, P-70137;1;product
1191860;P-70129;FISPOLY40, P-70129;913;P-70129;FISPOLY40, P-70129;1;product
1191861;P-80124;FISPOLY40, P-80124;914;P-80124;FISPOLY40, P-80124;1;product
1191862;P-70103;FISPOLY40, P-70103;915;P-70103;FISPOLY40, P-70103;1;product
1191863;P-70161;FISPOLY40, P-70161;666;P-70161;FISPOLY40, P-70161;1;product
1191864;P-70122;FISPOLY40, P-70122;916;P-70122;FISPOLY40, P-70122;1;product
1191865;P-70135;FISPOLY40, P-70135;667;P-70135;FISPOLY40, P-70135;1;product
1191866;P-70116;FISPOLY40, P-70116;669;P-70116;FISPOLY40, P-70116;1;product
1191867;P-70138;FISPOLY40, P-70138;917;P-70138;FISPOLY40, P-70138;1;product
1191868;P-36639;FISPOLY40, P-36639;918;P-36639;FISPOLY40, P-36639;1;product
1191869;P-70152;FISPOLY40, P-70152;671;P-70152;FISPOLY40, P-70152;1;product
1191870;P-70114;FISPOLY40, P-70114;919;P-70114;FISPOLY40, P-70114;1;product
1191871;P-70118;FISPOLY40, P-70118;920;P-70118;FISPOLY40, P-70118;1;product
1191872;P-36646;FISPOLY40, P-36646;921;P-36646;FISPOLY40, P-36646;1;product
1191873;P-46603;FISPOLY40, P-46603;922;P-46603;FISPOLY40, P-46603;1;product
1191874;P-10112;FISPOLY40, P-10112;923;P-10112;FISPOLY40, P-10112;1;product
1191875;P-10115;FISPOLY40, P-10115;673;P-10115;FISPOLY40, P-10115;1;product
1191876;P-60104;FISPOLY40, P-60104;924;P-60104;FISPOLY40, P-60104;1;product
1191877;P-60116;FISPOLY40, P-60116;674;P-60116;FISPOLY40, P-60116;1;product
1191878;P-60118;FISPOLY40, P-60118;925;P-60118;FISPOLY40, P-60118;1;product
1191879;P-60121;FISPOLY40, P-60121;675;P-60121;FISPOLY40, P-60121;1;product
1191880;P-40129;FISPOLY40, P-40129;926;P-40129;FISPOLY40, P-40129;1;product
1191881;P-60122;FISPOLY40, P-60122;927;P-60122;FISPOLY40, P-60122;1;product
1191882;P-16931;FISPOLY40, P-16931;676;P-16931;FISPOLY40, P-16931;1;product
1191883;P-60134;FISPOLY40, P-60134;928;P-60134;FISPOLY40, P-60134;1;product
1191884;P-46900;FISPOLY40, P-46900;677;P-46900;FISPOLY40, P-46900;1;product
1191885;P-60113;FISPOLY40, P-60113;678;P-60113;FISPOLY40, P-60113;1;product
1191886;P-46902;FISPOLY40, P-46902;929;P-46902;FISPOLY40, P-46902;1;product
1191887;P-46901;FISPOLY40, P-46901;679;P-46901;FISPOLY40, P-46901;1;product
1191888;P-60107;FISPOLY40, P-60107;930;P-60107;FISPOLY40, P-60107;1;product
1191889;P-60114;FISPOLY40, P-60114;931;P-60114;FISPOLY40, P-60114;1;product
1191890;P-60123;FISPOLY40, P-60123;680;P-60123;FISPOLY40, P-60123;1;product
1191891;P-60124;FISPOLY40, P-60124;932;P-60124;FISPOLY40, P-60124;1;product
1191892;P-60133;FISPOLY40, P-60133;681;P-60133;FISPOLY40, P-60133;1;product
1191893;P-60115;FISPOLY40, P-60115;933;P-60115;FISPOLY40, P-60115;1;product
1191894;P-60129;FISPOLY40, P-60129;682;P-60129;FISPOLY40, P-60129;1;product
1191895;P-60136;FISPOLY40, P-60136;934;P-60136;FISPOLY40, P-60136;1;product
1191896;P-60110;FISPOLY40, P-60110;683;P-60110;FISPOLY40, P-60110;1;product
1191897;P-50147;FISPOLY40, P-50147;684;P-50147;FISPOLY40, P-50147;1;product
1191898;P-50125;FISPOLY40, P-50125;935;P-50125;FISPOLY40, P-50125;1;product
1191899;P-60131;FISPOLY40, P-60131;936;P-60131;FISPOLY40, P-60131;1;product
1191900;P-60108;FISPOLY40, P-60108;937;P-60108;FISPOLY40, P-60108;1;product
1191901;P-60119;FISPOLY40, P-60119;685;P-60119;FISPOLY40, P-60119;1;product
1191902;P-60103;FISPOLY40, P-60103;938;P-60103;FISPOLY40, P-60103;1;product
1191903;P-60132;FISPOLY40, P-60132;686;P-60132;FISPOLY40, P-60132;1;product
1191904;P-80128;FISPOLY40, P-80128;939;P-80128;FISPOLY40, P-80128;1;product
1191905;P-70110;FISPOLY40, P-70110;940;P-70110;FISPOLY40, P-70110;1;product
1191906;P-80110;FISPOLY40, P-80110;941;P-80110;FISPOLY40, P-80110;1;product
1191907;P-70141;FISPOLY40, P-70141;942;P-70141;FISPOLY40, P-70141;1;product
1191908;P-80122;FISPOLY40, P-80122;943;P-80122;FISPOLY40, P-80122;1;product
1191909;P-46862;FISPOLY40, P-46862;944;P-46862;FISPOLY40, P-46862;1;product
1191910;P-46892;FISPOLY40, P-46892;945;P-46892;FISPOLY40, P-46892;1;product
1191911;P-46881;FISPOLY40, P-46881;946;P-46881;FISPOLY40, P-46881;1;product
1191912;P-70112;FISPOLY40, P-70112;947;P-70112;FISPOLY40, P-70112;1;product
1191913;P-80144;FISPOLY40, P-80144;690;P-80144;FISPOLY40, P-80144;1;product
1191914;P-46893;FISPOLY40, P-46893;948;P-46893;FISPOLY40, P-46893;1;product
1191915;P-80102;FISPOLY40, P-80102;949;P-80102;FISPOLY40, P-80102;1;product
1191916;P-80104;FISPOLY40, P-80104;950;P-80104;FISPOLY40, P-80104;1;product
1191917;P-80142;FISPOLY40, P-80142;951;P-80142;FISPOLY40, P-80142;1;product
1191918;P-70119;FISPOLY40, P-70119;693;P-70119;FISPOLY40, P-70119;1;product
1191919;P-60102;FISPOLY40, P-60102;952;P-60102;FISPOLY40, P-60102;1;product
1191920;P-46868;FISPOLY40, P-46868;695;P-46868;FISPOLY40, P-46868;1;product
1191921;P-46889;FISPOLY40, P-46889;953;P-46889;FISPOLY40, P-46889;1;product
1191922;P-40108;FISPOLY40, P-40108;698;P-40108;FISPOLY40, P-40108;1;product
1191923;P-40101;FISPOLY40, P-40101;954;P-40101;FISPOLY40, P-40101;1;product
1191924;P-40105;FISPOLY40, P-40105;955;P-40105;FISPOLY40, P-40105;1;product
1191925;P-40100;FISPOLY40, P-40100;956;P-40100;FISPOLY40, P-40100;1;product
1191926;P-40128;FISPOLY40, P-40128;700;P-40128;FISPOLY40, P-40128;1;product
1191927;P-80109;FISPOLY40, P-80109;957;P-80109;FISPOLY40, P-80109;1;product
1191928;P-40127;FISPOLY40, P-40127;958;P-40127;FISPOLY40, P-40127;1;product
1191929;P-40113;FISPOLY40, P-40113;959;P-40113;FISPOLY40, P-40113;1;product
1191930;P-80145;FISPOLY40, P-80145;960;P-80145;FISPOLY40, P-80145;1;product
1191931;P-80119;FISPOLY40, P-80119;961;P-80119;FISPOLY40, P-80119;1;product
1191932;P-46888;FISPOLY40, P-46888;701;P-46888;FISPOLY40, P-46888;1;product
1191933;P-80129;FISPOLY40, P-80129;983;P-80129;FISPOLY40,P-80129;1;product
1191934;P-90103;FISPOLY40, P-90103;702;P-90103;FISPOLY40, P-90103;1;product
1191935;P-60137;FISPOLY40, P-60137;962;P-60137;FISPOLY40, P-60137;1;product
1191936;P-60112;FISPOLY40, P-60112;963;P-60112;FISPOLY40, P-60112;1;product
1191937;P-90100;FISPOLY40, P-90100;706;P-90100;FISPOLY40, P-90100;1;product
1191938;P-40132;FISPOLY40, P-40132;707;P-40132;FISPOLY40, P-40132;1;product
1191939;P-80130;FISPOLY40, P-80130;964;P-80130;FISPOLY40, P-80130;1;product
1191940;P-60139;FISPOLY40, P-60139;965;P-60139;FISPOLY40, P-60139;1;product
1191941;P-60127;FISPOLY40, P-60127;709;P-60127;FISPOLY40, P-60127;1;product
1191942;P-80131;FISPOLY40, P-80131;966;P-80131;FISPOLY40, P-80131;1;product
1191943;P-60135;FISPOLY40, P-60135;710;P-60135;FISPOLY40, P-60135;1;product
1191944;P-90105;FISPOLY40, P-90105;967;P-90105;FISPOLY40, P-90105;1;product
1191945;P-10250;FISPOLY40, P-10250;711;P-10250;FISPOLY40, P-10250;1;product
1191946;P-20149;FISPOLY40, P-20149;714;P-20149;FISPOLY40, P-20149;1;product
1191947;P-20147;FISPOLY40, P-20147;716;P-20147;FISPOLY40, P-20147;1;product
1191986;;DESCARGAS;3525;;DESCARGAS;1;product
1192058;ENTADHESIVA50;ENTRETELA ADHESIVA LTB;3138;ENTADHESIVA50;ENTRETELA ADHESIVA LTB;1;product
1192129;LED 98TD;FLEXO LED ARTICULADO;3272;LED 98TD;FLEXO LED ARTICULADO DERMAY;1;consu
1192132;LED 98 TSD;FLEXO LED ARTICULADO FLEXIBLE;3273;LED 98 TSD;FLEXO LED ARTICULADO FLEXIBLE DERMAY;1;consu
1192134;AOM-30;FLEXO PEQUEÑO LED FLEXIBLE;3274;AOM-30;FLEXO LED FLEXIBLE DERMAY;1;consu
1192137;H-30 UV+WHITE;FLEXO LED FLEXIBLE ULTRAVIOLETA;3275;H-30 UV+WHITE;FLEXO LED FLEXIBLE ULTRAVIOLETA DERMAY;1;consu
1192148;LTB-1528;COLOR 1528;3524;LTB-1528;COLOR 1528;1;product
1192152;LTB-1538;COLOR 1538;3523;LTB-1538;COLOR 1538;1;product
1192153;LTB-1611;COLOR 1611;3522;LTB-1611;COLOR 1611;1;product
1192154;LTB-1614;COLOR 1614;3521;LTB-1614;COLOR 1614;1;product
1192155;LTB-1615;COLOR 1615;3520;LTB-1615;COLOR 1615;1;product
1192156;LTB-1616;COLOR 1616;3519;LTB-1616;COLOR 1616;1;product
1192157;LTB-1619;COLOR 1619;3518;LTB-1619;COLOR 1619;1;product
1192158;LTB-1631;COLOR 1631;3517;LTB-1631;COLOR 1631;1;product
1192159;LTB-1637;COLOR 1637;3554;LTB-1637;COLOR 1637;1;product
1192160;LTB-1645;COLOR 1645;3555;LTB-1645;COLOR 1645;1;product
1192161;LTB-1657;COLOR 1657;3553;LTB-1657;COLOR 1657;1;product
1192162;LTB-1659;COLOR 1659;3552;LTB-1659;COLOR 1659;1;product
1192163;LTB-1670;COLOR 1670;3551;LTB-1670;COLOR 1670;1;product
1192164;LTB-1678;COLOR 1678;3550;LTB-1678;COLOR 1678;1;product
1192165;LTB-1703;COLOR 1703;3549;LTB-1703;COLOR 1703;1;product
1192166;LTB-1704;COLOR 1704;3548;LTB-1704;COLOR 1704;1;product
1192167;LTB-1706;COLOR 1706;3547;LTB-1706;COLOR 1706;1;product
1192168;LTB-1709;COLOR 1709;3546;LTB-1709;COLOR 1709;1;product
1192169;LTB-1725;COLOR 1725;3544;LTB-1725;COLOR 1725;1;product
1192170;LTB-1726;COLOR 1726;3545;LTB-1726;COLOR 1726;1;product
1192171;LTB-1729;COLOR 1729;3542;LTB-1729;COLOR 1729;1;product
1192172;LTB-1751;COLOR 1751;3543;LTB-1751;COLOR 1751;1;product
1192173;LTB-1753;COLOR 1753;3541;LTB-1753;COLOR 1753;1;product
1192174;LTB-1760;COLOR 1760;3540;LTB-1760;COLOR 1760;1;product
1192175;LTB-1763;COLOR 1763;3539;LTB-1763;COLOR 1763;1;product
1192176;LTB-1769;COLOR 1769;3538;LTB-1769;COLOR 1769;1;product
1192177;LTB-1771;COLOR 1771;3537;LTB-1771;COLOR 1771;1;product
1192178;LTB-1775;COLOR 1775;3536;LTB-1775;COLOR 1775;1;product
1192179;LTB-1776;COLOR 1776;3535;LTB-1776;COLOR 1776;1;product
1192180;LTB-1778;COLOR 1778;3534;LTB-1778;COLOR 1778;1;product
1192181;LTB-1784;COLOR 1784;3533;LTB-1784;COLOR 1784;1;product
1192182;LTB-1790;COLOR 1790;3532;LTB-1790;COLOR 1790;1;product
1192183;LTB-1797;COLOR 1797;3530;LTB-1797;COLOR 1797;1;product
1192184;LTB-1799;COLOR 1799;3531;LTB-1799;COLOR 1799;1;product
1192185;LTB-1811;COLOR 1811;3528;LTB-1811;COLOR 1811;1;product
1192186;LTB-1816;COLOR 1816;3529;LTB-1816;COLOR 1816;1;product
1192187;LTB-1828;COLOR 1828;3526;LTB-1828;COLOR 1828;1;product
1192188;LTB-1841;COLOR 1841;3527;LTB-1841;COLOR 1841;1;product
1192189;LTB-1842;COLOR 1842;3583;LTB-1842;COLOR 1842;1;product
1192190;LTB-1843;COLOR 1843;3582;LTB-1843;COLOR 1843;1;product
1192191;LTB-1848;COLOR 1848;3581;LTB-1848;COLOR 1848;1;product
1192192;LTB-1851;COLOR 1851;3580;LTB-1851;COLOR 1851;1;product
1192193;LTB-1855;COLOR 1855;3579;LTB-1855;COLOR 1855;1;product
1192194;LTB-1866;COLOR 1866;3578;LTB-1866;COLOR 1866;1;product
1192195;LTB-1874;COLOR 1874;3577;LTB-1874;COLOR 1874;1;product
1192196;LTB-1878;COLOR 1878;3576;LTB-1878;COLOR 1878;1;product
1192197;LTB-1880;COLOR 1880;3575;LTB-1880;COLOR 1880;1;product
1192198;LTB-1890;COLOR 1890;3574;LTB-1890;COLOR 1890;1;product
1192199;LTB-1893;COLOR 1893;3573;LTB-1893;COLOR 1893;1;product
1192200;LTB-1895;COLOR 1895;3572;LTB-1895;COLOR 1895;1;product
1192201;LTB-1918;COLOR 1918;3571;LTB-1918;COLOR 1918;1;product
1192202;LTB-1922;COLOR 1922;3570;LTB-1922;COLOR 1922;1;product
1192203;LTB-1924;COLOR 1924;3569;LTB-1924;COLOR 1924;1;product
1192204;LTB-1938;COLOR 1938;3568;LTB-1938;COLOR 1938;1;product
1192205;LTB-1940;COLOR 1940;3567;LTB-1940;COLOR 1940;1;product
1192206;LTB-1944;COLOR 1944;3566;LTB-1944;COLOR 1944;1;product
1192207;LTB-1950;COLOR 1950;3565;LTB-1950;COLOR 1950;1;product
1192208;LTB-1951;COLOR 1951;3564;LTB-1951;CONO HILO LTB, GROSOR 40, 5000 mts, COLOR 1951;1;product
1192209;LTB-1967;COLOR 1967;3562;LTB-1967;COLOR 1967;1;product
1192210;LTB-1973;COLOR 1973;3563;LTB-1973;COLOR 1973;1;product
1192211;LTB-1974;COLOR 1974;3560;LTB-1974;COLOR 1974;1;product
1192212;LTB-1977;COLOR 1977;3561;LTB-1977;COLOR 1977;1;product
1192213;LTB-1982;COLOR 1982;3559;LTB-1982;COLOR 1982;1;product
1192214;LTB-1984;COLOR 1984;3558;LTB-1984;COLOR 1984;1;product
1192215;LTB-1988;COLOR 1988;3557;LTB-1988;COLOR 1988;1;product
1192267;;ENTRETELA BASE 70 NEGRA 50CM;3556;;ENTRETELA BASE 70 NEGRA 50CM;1;product
