ID producto;Referencia interna;Nombre;Origen;Stock;Pedidos;Accion recomendada
3431;0265 008772;CUCHILLA MOVIL DK 265;import reciente;0.0;0;REVISAR: enlazar manualmente o archivar si no esta en WC
3420;0265 012265;CUCHILLA FIJA DK 265;import reciente;0.0;0;REVISAR: enlazar manualmente o archivar si no esta en WC
3418;0265 012321;GARFIO DK 265;import reciente;0.0;0;REVISAR: enlazar manualmente o archivar si no esta en WC
3432;0268 140070;LEAF SPRING DK;import reciente;0.0;0;REVISAR: enlazar manualmente o archivar si no esta en WC
3259;05032081000;CUCHILLA MOVIL TAJIMA/INBRO;import reciente;0.0;0;REVISAR: enlazar manualmente o archivar si no esta en WC
3269;0667 175030;EJE CANILLERO 52X;import reciente;0.0;0;REVISAR: enlazar manualmente o archivar si no esta en WC
3429;0688 100060;TAPA COLUMNA DK 888;import reciente;0.0;1;REVISAR: enlazar manualmente o archivar si no esta en WC
3426;0688 160474;MANDO PUNTADA DK 867;import reciente;0.0;1;REVISAR: enlazar manualmente o archivar si no esta en WC
3265;0688 200020;SOPORTE CAJA BOBINA;import reciente;0.0;0;REVISAR: enlazar manualmente o archivar si no esta en WC
3258;080680130S00;CARRETE CORDELA TA;import reciente;0.0;0;REVISAR: enlazar manualmente o archivar si no esta en WC
3290;0867 150754;GARFIO 867 32MM;import reciente;0.0;0;REVISAR: enlazar manualmente o archivar si no esta en WC
3427;0867 150764;INTERIOR DK 867;import reciente;0.0;0;REVISAR: enlazar manualmente o archivar si no esta en WC
3413;0888 150650;TAPA COLUMNA IZQ. DK 888;import reciente;0.0;0;REVISAR: enlazar manualmente o archivar si no esta en WC
3198;103H7823-0416;"MOTOR MOVIMIENTO ""Y"" SWF";import reciente;0.0;0;ARCHIVAR o unificar (duplicado)
3475;115.00.304;CAJA BOBINA JUKI LK-1900 CANILLA PEQUEÑA;import reciente;0.0;0;REVISAR: enlazar manualmente o archivar si no esta en WC
3474;115.00.310;CAJA BOBINA BROTHER/PLK CANILLA PEQUEÑA;import reciente;0.0;0;REVISAR: enlazar manualmente o archivar si no esta en WC
3203;5.04.112A;"PATA/PRENSATELAS ""A"" MEC-VAL";import reciente;0.0;0;ARCHIVAR o unificar (duplicado)
3449;6-82-2Y;EXCÉNTRICO Nº24 MERROW;import reciente;0.0;1;REVISAR: enlazar manualmente o archivar si no esta en WC
3428;9850 001089;LED DK 52X;import reciente;0.0;1;REVISAR: enlazar manualmente o archivar si no esta en WC
3235;C0066;"CUCHILLA VERTICAL KM10""";import reciente;0.0;0;ARCHIVAR o unificar (duplicado)
3337;CARD;CARTA COLOR FISPOLY;import reciente;0.0;0;REVISAR: enlazar manualmente o archivar si no esta en WC
3219;CORREADENTADA;"CORREA DENTADA MOTOR ""Y"" LASER";import reciente;0.0;0;ARCHIVAR o unificar (duplicado)
3242;CUCHILLAREMALLARINF;CUCHILLA REMALLAR INFERIOR;import reciente;0.0;0;REVISAR: enlazar manualmente o archivar si no esta en WC
3300;CUCHILLAREMALLARSUP;CUCHILLA REMALLAR SUPERIOR;import reciente;0.0;0;REVISAR: enlazar manualmente o archivar si no esta en WC
3447;DESPCOS;DESPLAZAMIENTO EN MÁQUINAS DE COSER;import reciente;0.0;1;REVISAR: enlazar manualmente o archivar si no esta en WC
3376;DESPLABORD;DESPLAZAMIENTO A CLIENTE;import reciente;0.0;27;REVISAR: enlazar manualmente o archivar si no esta en WC
3225;DUO-HCS3-1201-40;"DUO COMBO HAPPY HCS3.

COMBO ESPECIAL DE DOS CABEZALES DE HCS3, UNIDOS SOBRE UNA BANCADA ESPECIAL. (ESTE TIPO DE COMBO, OFRECE UNA MAYOR VERSATILIDAD Y PRODUCCIÓN, QUE LAS MÁQUINAS DE BORDAR DE DOS CABEZALES CONVENCIONALES)
CARACTERISTICAS DE CADA CABEZAL:
- MAQUINA DE BORDAR INDUSTRIAL de 12 agujas, CON UN AREA MAX DE BORDADO REAL DE 320X320MM EN BASTIDOR PORTAL (OPCIONAL), de 290x290 en bastidor TUBULAR Y DE 67X290MM CON EL BASTIDOR DE GORRAS.
- NUEVO BRAZO, DE TAMAÑO MUCHO MAS PEQUEÑO, QUE PERMITE BORDAR EN ESPACIOS MAS REDUCIDOS.
- NUEVO SOPORTE PARA LOS HILOS, QUE PERMITE PONER BOINAS DE HILO CON UNA BASE MAS ANCHA.
- VELOCIDAD MAX DE 1.000 PUNTADAS.
- NUEVA PANTALLA TACTIL 7"" con nuevo sistema de tratamiento de datos, con posibilidad de usar cualquier adaptador wifi por usb, CONEXION LAN incorporada , USB Y USB FRONTAL.
- Nuevo sistema de movimiento de bastidor sin vib
esperaciones. 
- bOBINADOR DE HILO DE CANILLA INCORPORADO E INDEPENDIENTE (NO ES NECESARIO QUE LA MAQUINA ESTE EN MARCHA PARA QUE ESTE TRABAJE).
- pOSIBILIDAD DE CREAR TEXTOS CON DISTINTOS ESTILOS DE FUENTES, TAMAÑOS Y FORMAS DESDE EL PANEL.
- pOSICIONAMIENTO CON MARCADOR LÁSER TIPO CRUZ.
- LUZ LED FRONTAL.
- reconocimiento DEL ÁREA DE BORDADO QUE PERMITE EL CENTRAR EL DISEÑO EN EL BASTIDOR CON SOLO PULSAR UN BOTÓN Y TAMBIÉN EVITAR POSIBLES GOLPES DE LA AGUJA EN EL BASTIDOR.
- iNCLUYE 100 DISEÑOS EN LA MEMORIA.
- edición CON SOFTWARE HAPPY LINK/LAN INCLUIDO.
- pOSIBILIDAD DE DISTINTOS TIPOS DE BASTIDORES ESPECIALES (OPCIONAL VEASE EN EL CATALOGO 

- Se entrega con: bancada, kits de gorras,  6 juegos dobles de bastidores de 15, 18 y 21 cm y dos de 32X32.";import reciente;0.0;0;ARCHIVAR o unificar (duplicado)
3448;ENCHUFERAP;ENCHUFE RÁPIDO;import reciente;0.0;1;REVISAR: enlazar manualmente o archivar si no esta en WC
3188;EPZ01410;"PANEL LCD 10"" HAPPY";import reciente;0.0;0;ARCHIVAR o unificar (duplicado)
3212;EPZ01490;"PANTALLA LCD HAPPY 7""";import reciente;0.0;0;ARCHIVAR o unificar (duplicado)
3207;FC345;"BASTIDOR FAST CLAMPING 3,5""X4""(89X101,5MM)";import reciente;0.0;0;ARCHIVAR o unificar (duplicado)
3206;FC45;"BASTIDOR FAST CLAMPING 4,5""X4,5"" (114X114MM)";import reciente;0.0;0;ARCHIVAR o unificar (duplicado)
3208;FC456;"BASTIDOR FAST CLAMPING 4,5""X6"" (114,3X152,4MM)";import reciente;0.0;0;ARCHIVAR o unificar (duplicado)
3205;FC65;"BASTIDOR FAST CLAMPING 6,5""X6,5"" (165,1X165,1MM)";import reciente;0.0;0;ARCHIVAR o unificar (duplicado)
3335;FD-1204;SINSIM FD-1204;import reciente;0.0;0;REVISAR: enlazar manualmente o archivar si no esta en WC
3234;FRA44003;Cap hold frame ass'y (wide type) HAPPY;import reciente;0.0;0;ARCHIVAR o unificar (duplicado)
3373;FW-811400;HILO DE LANA FISWOOLY 1000MT 811400;import reciente;0.0;0;REVISAR: enlazar manualmente o archivar si no esta en WC
3372;FW-BEYAZ;HILO DE LANA FISWOOLY 1000MT BLANCO;import reciente;0.0;0;REVISAR: enlazar manualmente o archivar si no esta en WC
3371;FW-SIYAH;HILO DE LANA FISWOOLY 1000MT NEGRO;import reciente;0.0;0;REVISAR: enlazar manualmente o archivar si no esta en WC
3460;GB134-35D-100;AGUJAS 134-35D-100;import reciente;0.0;1;REVISAR: enlazar manualmente o archivar si no esta en WC
3379;GB134-35LR-130;AGUJAS 134-35LR-130;import reciente;0.0;1;REVISAR: enlazar manualmente o archivar si no esta en WC
3380;GB134-35LR-140;AGUJAS 134-35LR-140;import reciente;0.0;1;REVISAR: enlazar manualmente o archivar si no esta en WC
3404;GB134-35R-120;AGUJAS 134-35R-120;import reciente;0.0;1;REVISAR: enlazar manualmente o archivar si no esta en WC
3417;GB134KKSD-70;AGUJAS 134KKSD-70;import reciente;0.0;2;REVISAR: enlazar manualmente o archivar si no esta en WC
3367;GB134LR-60;AGUJAS 134LR-60;import reciente;0.0;2;REVISAR: enlazar manualmente o archivar si no esta en WC
3416;GB134S-65;AGUJAS 134S-65;import reciente;0.0;2;REVISAR: enlazar manualmente o archivar si no esta en WC
3222;HCA04100;"CUCHILLA FIJA HAPPY ""B"" HCA/HCG/HCM";import reciente;0.0;0;ARCHIVAR o unificar (duplicado)
3246;HCB08331;TAKE-UP LEVER GUIDE BASE HCH/HCS HAPPY;import reciente;0.0;0;REVISAR: enlazar manualmente o archivar si no esta en WC
3247;HCB08730;TAKE-UP LEVER GUIDE BAR HCH HAPPY;import reciente;0.0;0;REVISAR: enlazar manualmente o archivar si no esta en WC
3268;HCB29152;DISPLAY BRACKET A  HCS HAPPY;import reciente;0.0;0;REVISAR: enlazar manualmente o archivar si no esta en WC
3209;HCD05A13;SOPORTE CUCHILLAS HAPPY HCD2 // THREAD CUTTING DEVICE BASE ASS'Y;import reciente;0.0;0;ARCHIVAR o unificar (duplicado)
3217;HCD29540;"REAR COVER (10.4 in) HAPPY (SOPORTE LCD 10"")";import reciente;0.0;0;ARCHIVAR o unificar (duplicado)
3233;HCD29572;"CARCASA FRONTAL PANEL 10"" HAPPY";import reciente;0.0;0;ARCHIVAR o unificar (duplicado)
3585;HCD30033;ANCLAJE TABLERO PLANO HCD IZQUIERDO HAPPY;import reciente;0.0;0;REVISAR: enlazar manualmente o archivar si no esta en WC
3586;HCD30043;ANCLAJE TABLERO PLANO TRASEROS HCD HAPPY;import reciente;0.0;0;REVISAR: enlazar manualmente o archivar si no esta en WC
3584;HCD30053;ANCLAJE TABLERO PLANO HCD DERECHO HAPPY;import reciente;0.0;0;REVISAR: enlazar manualmente o archivar si no esta en WC
3267;HCD37210;FLEJE BRAZO BASTIDOR HAPPY HCD2;import reciente;0.0;0;REVISAR: enlazar manualmente o archivar si no esta en WC
3189;HCD72800;"CABLE CONEXIÓN LCD 10"" HAPPY";import reciente;0.0;0;ARCHIVAR o unificar (duplicado)
3197;HCD79621;"MODULO CORE 7"" PANEL LCD HAPPY";import reciente;0.0;0;ARCHIVAR o unificar (duplicado)
3237;HCD81022;"LCD ATA CIRCUIT BOARD (Pb FREE) ASSY HAPPY ""HCS LCD COLOR""";import reciente;0.0;0;ARCHIVAR o unificar (duplicado)
3211;HCDU37A41;"BASTIDOR PORTAL ""X"" HAPPY HCD2-X (400X1200).";import reciente;0.0;0;ARCHIVAR o unificar (duplicado)
3210;HCR16A46;"CONJUNTO TENSOR DETECCIÓN DE HILO HAPPY HCR2.
(TENSOR NEGRO COMPLETO)";import reciente;0.0;0;ARCHIVAR o unificar (duplicado)
3329;HCR79690;DRIVER SERVOMOTOR Y, PARA HAPPY HCR3-1504;import reciente;0.0;0;REVISAR: enlazar manualmente o archivar si no esta en WC
3589;HCR81080;PLACA ELECTRONICA ON/OFF CABEZAL HCR2;import reciente;0.0;0;REVISAR: enlazar manualmente o archivar si no esta en WC
3590;HCR81090;PLACA INTERRUPTOR HAPPY HCR2;import reciente;0.0;0;REVISAR: enlazar manualmente o archivar si no esta en WC
3587;HCR81262/HCR81261;JUMP-SW2 BOARD ASS´Y HCR3 HAPPY;import reciente;0.0;0;REVISAR: enlazar manualmente o archivar si no esta en WC
3412;HCR908022;CONJUNTO BIELA MOVIMIENTO RECIPROCADOR/BARRA AGUJA;import reciente;0.0;0;REVISAR: enlazar manualmente o archivar si no esta en WC
3245;HCS08010;TAKE-UP LEVER GUIDE BAR HCS3 HAPPY;import reciente;0.0;0;REVISAR: enlazar manualmente o archivar si no esta en WC
3257;HCS13A11/HCS13A20/HCS13A13;PUNTERO LASER HCS3;import reciente;0.0;0;REVISAR: enlazar manualmente o archivar si no esta en WC
3229;HCSU29010;"DISPLAY MODULE 7"" HCD3E/HCD2 HAPPY";import reciente;0.0;0;ARCHIVAR o unificar (duplicado)
3455;HCT04040;TAPA CUBRESPIRAL/GARFIO HCT;import reciente;0.0;0;REVISAR: enlazar manualmente o archivar si no esta en WC
3458;HCT04060;ROTARY HOOK COVER RETAINING SPRING;import reciente;0.0;0;REVISAR: enlazar manualmente o archivar si no esta en WC
3459;HCT04070;ROTARY HOOK COVER TENSION SPRING HCT HAPPY;import reciente;0.0;0;REVISAR: enlazar manualmente o archivar si no esta en WC
3456;HCT05080;BOBBIN THREAD HOLDER;import reciente;0.0;0;REVISAR: enlazar manualmente o archivar si no esta en WC
3261;HCU12043;SOPORTE BARRA TIRAHILOS HCU HAPPY;import reciente;0.0;0;REVISAR: enlazar manualmente o archivar si no esta en WC
3262;HCU12194;MUELLE SOPORTE BARRA TIRAHILOS HCU HAPPY;import reciente;0.0;0;REVISAR: enlazar manualmente o archivar si no esta en WC
3263;HCU12A11;TIRAHILOS HCU HAPPY;import reciente;0.0;0;REVISAR: enlazar manualmente o archivar si no esta en WC
3200;HCU25100;"PLETINA SUJECIÓN CORREA EJE ""Y"" HAPPY HCU";import reciente;0.0;0;ARCHIVAR o unificar (duplicado)
3199;HCU25110;"PLETINA CONEXIÓN CORREA EJE ""Y"" HAPPY HCU";import reciente;0.0;0;ARCHIVAR o unificar (duplicado)
3334;HIL40N;HILO Nº40 NEGRO 1200MTS;import reciente;0.0;0;REVISAR: enlazar manualmente o archivar si no esta en WC
3255;HILO TORZAL;HILO TORZAL 30;import reciente;0.0;0;REVISAR: enlazar manualmente o archivar si no esta en WC
3476;HILREFRECTANTE;HILO REFLECTANTE 500M;import reciente;0.0;0;REVISAR: enlazar manualmente o archivar si no esta en WC
3201;HMG08130;"CUSHION ""B"" HAPPY BLANCO HCGB/HMF";import reciente;0.0;0;ARCHIVAR o unificar (duplicado)
3260;HR334010;PLETINA SOPORTE TABLERO HCR3 HAPPY;import reciente;0.0;0;REVISAR: enlazar manualmente o archivar si no esta en WC
3248;HSA90220;PASADOR DE POSICIONAMIENTO 6 HAPPY;import reciente;0.0;0;REVISAR: enlazar manualmente o archivar si no esta en WC
3338;ISA-0010;HILO ISACORD 0010 (BLANCO);import reciente;0.0;0;REVISAR: enlazar manualmente o archivar si no esta en WC
3339;ISA-0020;HILO ISACORD 0020 (NEGRO);import reciente;0.0;0;REVISAR: enlazar manualmente o archivar si no esta en WC
3356;ISAMET 0511;HILO ISAMET 40 5000M METAL 0511;import reciente;0.0;0;REVISAR: enlazar manualmente o archivar si no esta en WC
3424;ISAMET0490;HILO ISAMET 40 5000M METAL 0490;import reciente;0.0;0;REVISAR: enlazar manualmente o archivar si no esta en WC
3397;ISAMET0491;HILO ISAMET 40 5000M METAL 0491;import reciente;0.0;0;REVISAR: enlazar manualmente o archivar si no esta en WC
3394;ISAMET0493;HILO ISAMET 40 5000M METAL 0493;import reciente;0.0;0;REVISAR: enlazar manualmente o archivar si no esta en WC
3434;JACK JK -E4S-5-03/233;JACK JK -E4S-5-03/233;import reciente;0.0;1;REVISAR: enlazar manualmente o archivar si no esta en WC
3471;LASER KX1390-F;LASER KASU CON RECONOCIMIENTO POR CÁMARA;import reciente;0.0;1;REVISAR: enlazar manualmente o archivar si no esta en WC
3439;LB230070;BASE DE BLOQUE BARUDAN;import reciente;0.0;0;REVISAR: enlazar manualmente o archivar si no esta en WC
3292;LTB1528;COLOR 1528;import reciente;0.0;0;REVISAR: enlazar manualmente o archivar si no esta en WC
3293;LTB1538;COLOR 1538;import reciente;0.0;0;REVISAR: enlazar manualmente o archivar si no esta en WC
3294;LTB1611;COLOR 1611;import reciente;0.0;0;REVISAR: enlazar manualmente o archivar si no esta en WC
3295;LTB1614;COLOR 1614;import reciente;0.0;0;REVISAR: enlazar manualmente o archivar si no esta en WC
3296;LTB1615;COLOR 1615;import reciente;0.0;2;REVISAR: enlazar manualmente o archivar si no esta en WC
3297;LTB1616;COLOR 1616;import reciente;0.0;0;REVISAR: enlazar manualmente o archivar si no esta en WC
3301;LTB1619;COLOR 1619;import reciente;0.0;0;REVISAR: enlazar manualmente o archivar si no esta en WC
3302;LTB1631;COLOR 1631;import reciente;0.0;0;REVISAR: enlazar manualmente o archivar si no esta en WC
3303;LTB1637;COLOR 1637;import reciente;0.0;0;REVISAR: enlazar manualmente o archivar si no esta en WC
3304;LTB1645;COLOR 1645;import reciente;0.0;0;REVISAR: enlazar manualmente o archivar si no esta en WC
3305;LTB1657;COLOR 1657;import reciente;0.0;1;REVISAR: enlazar manualmente o archivar si no esta en WC
3306;LTB1659;COLOR 1659;import reciente;0.0;0;REVISAR: enlazar manualmente o archivar si no esta en WC
3307;LTB1670;COLOR 1670;import reciente;0.0;0;REVISAR: enlazar manualmente o archivar si no esta en WC
3308;LTB1678;COLOR 1678;import reciente;0.0;0;REVISAR: enlazar manualmente o archivar si no esta en WC
3309;LTB1703;COLOR 1703;import reciente;0.0;0;REVISAR: enlazar manualmente o archivar si no esta en WC
3310;LTB1704;COLOR 1704;import reciente;0.0;0;REVISAR: enlazar manualmente o archivar si no esta en WC
3311;LTB1706;COLOR 1706;import reciente;0.0;0;REVISAR: enlazar manualmente o archivar si no esta en WC
3312;LTB1709;COLOR 1709;import reciente;0.0;1;REVISAR: enlazar manualmente o archivar si no esta en WC
3313;LTB1725;COLOR 1725;import reciente;0.0;1;REVISAR: enlazar manualmente o archivar si no esta en WC
3314;LTB1726;COLOR 1726;import reciente;0.0;0;REVISAR: enlazar manualmente o archivar si no esta en WC
3315;LTB1729;COLOR 1729;import reciente;0.0;0;REVISAR: enlazar manualmente o archivar si no esta en WC
3316;LTB1751;COLOR 1751;import reciente;0.0;0;REVISAR: enlazar manualmente o archivar si no esta en WC
3317;LTB1753;COLOR 1753;import reciente;0.0;0;REVISAR: enlazar manualmente o archivar si no esta en WC
3318;LTB1760;COLOR 1760;import reciente;0.0;0;REVISAR: enlazar manualmente o archivar si no esta en WC
3319;LTB1763;COLOR 1763;import reciente;0.0;0;REVISAR: enlazar manualmente o archivar si no esta en WC
3320;LTB1769;COLOR 1769;import reciente;0.0;0;REVISAR: enlazar manualmente o archivar si no esta en WC
3321;LTB1771;COLOR 1771;import reciente;0.0;0;REVISAR: enlazar manualmente o archivar si no esta en WC
3322;LTB1775;COLOR 1775;import reciente;0.0;1;REVISAR: enlazar manualmente o archivar si no esta en WC
3323;LTB1776;COLOR 1776;import reciente;0.0;0;REVISAR: enlazar manualmente o archivar si no esta en WC
3324;LTB1778;COLOR 1778;import reciente;0.0;0;REVISAR: enlazar manualmente o archivar si no esta en WC
3325;LTB1784;COLOR 1784;import reciente;0.0;0;REVISAR: enlazar manualmente o archivar si no esta en WC
3326;LTB1790;COLOR 1790;import reciente;0.0;0;REVISAR: enlazar manualmente o archivar si no esta en WC
3327;LTB1797;COLOR 1797;import reciente;0.0;0;REVISAR: enlazar manualmente o archivar si no esta en WC
3328;LTB1799;COLOR 1799;import reciente;0.0;0;REVISAR: enlazar manualmente o archivar si no esta en WC
3347;LTB1811;LTB1811;import reciente;0.0;2;REVISAR: enlazar manualmente o archivar si no esta en WC
3351;LTB1842;CONO HILO LTB, GROSOR 40, 5000 mts, Color 1842;import reciente;0.0;3;REVISAR: enlazar manualmente o archivar si no esta en WC
3359;LTB1843;LTB1843;import reciente;0.0;1;REVISAR: enlazar manualmente o archivar si no esta en WC
3472;LTB1851;COLOR 1851;import reciente;0.0;0;REVISAR: enlazar manualmente o archivar si no esta en WC
3348;LTB1867;LTB1867;import reciente;0.0;0;REVISAR: enlazar manualmente o archivar si no esta en WC
3345;LTB1878;LTB1878;import reciente;0.0;1;REVISAR: enlazar manualmente o archivar si no esta en WC
3346;LTB1902;LTB1902;import reciente;0.0;1;REVISAR: enlazar manualmente o archivar si no esta en WC
3393;LTB1938;CONO HILO LTB, GROSOR 40, 5000 mts, Color 1938;import reciente;0.0;0;REVISAR: enlazar manualmente o archivar si no esta en WC
3350;LTB1967;LTB1967;import reciente;0.0;2;REVISAR: enlazar manualmente o archivar si no esta en WC
3333;LTBENTREADHESIVA;ENTRETELA ADHESIVA BLANCA 50MX85CM LTB;import reciente;0.0;0;REVISAR: enlazar manualmente o archivar si no esta en WC
3232;MF00A0834-B;"CUCHILLA MOVIL MITSUBISHI ""B"" LS2-150/180/190";import reciente;0.0;0;ARCHIVAR o unificar (duplicado)
3477;MUELLEBORD;MUELLE TENSOR MÁQUINA DE BORDAR;import reciente;0.0;0;REVISAR: enlazar manualmente o archivar si no esta en WC
3276;NYLONAMAR;PRO-NYLON PARA EL BORDADO (1,6M. DE ANCHO) AZUL MAR;import reciente;0.0;0;REVISAR: enlazar manualmente o archivar si no esta en WC
3243;NYLONMARRONOSC;PRO-NYLON PARA EL BORDADO )1,6M) MARRÓN OSCURO;import reciente;0.0;0;REVISAR: enlazar manualmente o archivar si no esta en WC
3451;NYLONNARANJA;PRO-NYLON PARA EL BORDADO (1,6m) NARANJA;import reciente;0.0;0;REVISAR: enlazar manualmente o archivar si no esta en WC
3253;P-30315;FISPOLY Nº15 P-30315;import reciente;0.0;0;REVISAR: enlazar manualmente o archivar si no esta en WC
3251;P-30316;FISPOLY Nº15 P-30316;import reciente;0.0;0;REVISAR: enlazar manualmente o archivar si no esta en WC
3252;P-30317;FISPOLY Nº15 P-30317;import reciente;0.0;0;REVISAR: enlazar manualmente o archivar si no esta en WC
3254;P-F3185;FISPOLY Nº15 P-F3185;import reciente;0.0;0;REVISAR: enlazar manualmente o archivar si no esta en WC
3277;P-F3190;FISPOLY Nº15 P-F3190;import reciente;0.0;0;REVISAR: enlazar manualmente o archivar si no esta en WC
3278;P-F3191;FISPOLY Nº15 P-F3191;import reciente;0.0;0;REVISAR: enlazar manualmente o archivar si no esta en WC
3279;P-F3192;FISPOLY Nº15 P-F3192;import reciente;0.0;0;REVISAR: enlazar manualmente o archivar si no esta en WC
3368;PEC-1201;SINSIM PEC-1201;import reciente;0.0;1;REVISAR: enlazar manualmente o archivar si no esta en WC
3249;PEC-1202;SINSIM PEC-1202 ;import reciente;0.0;3;REVISAR: enlazar manualmente o archivar si no esta en WC
3331;PEC-1204;"- MAQUINA DE BORDAR SINSIM DE CUATRO CABEZALES Y 12 AGUJAS, CON CAMPO DE TRABAJO DE 400X400, EQUIPADA CON GARFIO JAPONÉS, MONITOR DE 10 PULGADAS, CONDUCCIÓN DE BASTIDOR SUSPENDIDA PARA UN MAYOR APROVECHAMIENTO DEL ESPACIO DE BORDADO Y TECNOLOGÍA SERVOMOTOR.

- VELOCIDAD 1200 RPM. 
- GARFIO JAPONES HIROSE.
- PANEL S10 PRO, CON CONVERSION DE ARCHIVOS JPG DIRECTAMENTE A DST.
- CAMBIO DE COLOR AUTOMATICO
- FUNCIÓN DE AVANCE Y RETROCESO DEL BASTIDOR CON UN SOLO TOQUE
- FUNCION CORTE DE HILO AUTOMATICO
- ALARMA AUTOMATICA LIMITE DEL DISEÑO
- ILUMINACION LED FRONTAL
- FUNCION TRANSMISION DEL DISEÑO INHALAMBRICO
- FUNCION SELECCION DEL BASTIDOR
- RESTABLECIMIENTO POR FALLO DE CORRIENTE EN UN SOLO TOQUE. OPCIONAL: SISTEMA RECONOCIMIENTO


INCLUYE:
8 X Aro 70, 8 X Aro 110, 8 X Aro 150, 8 X Aro 190, 8 X Aro 270*270 , 8 X Aro 530*330, 1 X Kit de Gorras, Bobinador de Canillas, 1 X Mesa plana, 1 X Bastidor Portal, 1 X Soporte de máquina.";import reciente;0.0;1;REVISAR: enlazar manualmente o archivar si no esta en WC
3264;PEC-Y240-1201;SINSIM PEC-Y240-1201;import reciente;0.0;1;REVISAR: enlazar manualmente o archivar si no esta en WC
3330;PEC-Y400-1201;"- MAQUINA DE BORDAR DE UN CABEZAL Y 12 AGUJAS CON CAMPO DE TRABAJO DE 600X400, EQUIPADA CON GARFIO JAPONÉS, MONITOR DE 10 PULGADAS, CONDUCCIÓN DE BASTIDOR SUSPENDIDA PARA UN MAYOR APROVECHAMIENTO DEL ESPACIO DE BORDADO Y TECNOLOGÍA SERVOMOTOR.

- VELOCIDAD 1200 RPM.
- GARFIO JAPONES HIROSE.
- PANEL S10 PRO, CON CONVERSION DE ARCHIVOS JPG DIRECTAMENTE A DST.
- CAMBIO DE COLOR AUTOMATICO
- FUNCIÓN DE AVANCE Y RETROCESO DEL BASTIDOR CON UN SOLO TOQUE
- FUNCION CORTE DE HILO AUTOMATICO
- ALARMA AUTOMATICA LIMITE DEL DISEÑO
- ILUMINACION LED FRONTAL
- FUNCION TRANSMISION DEL DISEÑO INHALAMBRICO
- FUNCION SELECCION DEL BASTIDOR
- RESTABLECIMIENTO POR FALLO DE CORRIENTE EN UN SOLO TOQUE. OPCIONAL: SISTEMA RECONOCIMIENTO


INCLUYE:
2 X Aro 70, 2 X Aro 110, 2 X Aro 150, 2 X Aro 190, 2 X Aro 270*270 , 2 X Aro 530*330, 1 X Kit de Gorras, Bobinador de Canillas, 1 X Mesa plana, 1 X Bastidor Portal, 1 X Soporte de máquina.";import reciente;0.0;0;REVISAR: enlazar manualmente o archivar si no esta en WC
3336;PEC-Y600-1201;"- MAQUINA DE BORDAR DE UN CABEZAL Y 12 AGUJAS CON CAMPO DE TRABAJO DE 1200X600, EQUIPADA CON GARFIO JAPONÉS, MONITOR DE 10 PULGADAS, CONDUCCIÓN DE BASTIDOR SUSPENDIDA PARA UN MAYOR APROVECHAMIENTO DEL ESPACIO DE BORDADO Y TECNOLOGÍA SERVOMOTOR.

- VELOCIDAD 1200 RPM.
- GARFIO JAPONES HIROSE.
- PANEL S10 PRO, CON CONVERSION DE ARCHIVOS JPG DIRECTAMENTE A DST.
- CAMBIO DE COLOR AUTOMATICO
- FUNCIÓN DE AVANCE Y RETROCESO DEL BASTIDOR CON UN SOLO TOQUE
- FUNCION CORTE DE HILO AUTOMATICO
- ALARMA AUTOMATICA LIMITE DEL DISEÑO
- ILUMINACION LED FRONTAL
- FUNCION TRANSMISION DEL DISEÑO INHALAMBRICO
- FUNCION SELECCION DEL BASTIDOR
- RESTABLECIMIENTO POR FALLO DE CORRIENTE EN UN SOLO TOQUE. OPCIONAL: SISTEMA RECONOCIMIENTO


INCLUYE:
2 X Aro 70, 2 X Aro 110, 2 X Aro 150, 2 X Aro 190, 2 X Aro 270*270 , 2 X Aro 530*330, 1 X Kit de Gorras, Bobinador de Canillas, 1 X Mesa plana, 1 X Bastidor Portal, 1 X Soporte de máquina.";import reciente;0.0;0;REVISAR: enlazar manualmente o archivar si no esta en WC
3396;PEX(12+6)(1+1);PEX (12+6)(1+1);import reciente;0.0;1;REVISAR: enlazar manualmente o archivar si no esta en WC
3299;Q7270021;CUCHILLA MOVIL BARUDAN MARK 7;import reciente;0.0;0;REVISAR: enlazar manualmente o archivar si no esta en WC
3298;Q7270032;CUCHILLA FIJA BARUDAN MARK 7;import reciente;0.0;0;REVISAR: enlazar manualmente o archivar si no esta en WC
3250;RAYNENEDS;SOFTWARE BORDADO RAYNEN EDS;import reciente;0.0;0;REVISAR: enlazar manualmente o archivar si no esta en WC
3256;RIBETE12MM;RIBETE GROSGRAIN 12MM;import reciente;0.0;0;REVISAR: enlazar manualmente o archivar si no esta en WC
3407;RICOMA CHT 1202;RICOMA CHT 1202;import reciente;0.0;1;REVISAR: enlazar manualmente o archivar si no esta en WC
3457;ROTARY HOOK COVER RETAINING SPRING;ROTARY HOOK COVER RETAINING SPRING;import reciente;0.0;0;REVISAR: enlazar manualmente o archivar si no esta en WC
3425;S080 094094; BOBINA DEL ABREDISCOS DE LA DK 524 ;import reciente;0.0;1;REVISAR: enlazar manualmente o archivar si no esta en WC
3291;S080 627037;PORTA AGUJA DK 524;import reciente;0.0;1;REVISAR: enlazar manualmente o archivar si no esta en WC
3409;S080 651330;DIENTE ZIGZAG (10 MM) DK 52X, GBZZ568;import reciente;0.0;0;REVISAR: enlazar manualmente o archivar si no esta en WC
3430;S080 818711;RESORTE DK ;import reciente;0.0;1;REVISAR: enlazar manualmente o archivar si no esta en WC
3280;SS-1;BARRA DE AGUJA SINSIM;import reciente;0.0;0;REVISAR: enlazar manualmente o archivar si no esta en WC
3289;SS-10;GOMA BARRA AGUJA SINSIM;import reciente;0.0;0;REVISAR: enlazar manualmente o archivar si no esta en WC
3281;SS-2;TACO SALTO PUNTADA SINSIM;import reciente;0.0;0;REVISAR: enlazar manualmente o archivar si no esta en WC
3282;SS-3;PRENSATELA SINSIM;import reciente;0.0;0;REVISAR: enlazar manualmente o archivar si no esta en WC
3283;SS-4;CAJA BOBINA SINSIM;import reciente;0.0;0;REVISAR: enlazar manualmente o archivar si no esta en WC
3284;SS-5;PLACA DE AGUJA SINSIM;import reciente;0.0;0;REVISAR: enlazar manualmente o archivar si no esta en WC
3285;SS-6;NUDO PRENSATELA SINSIM;import reciente;0.0;0;REVISAR: enlazar manualmente o archivar si no esta en WC
3286;SS-7;MUELLE BARRA AGUJA SINSIM;import reciente;0.0;0;REVISAR: enlazar manualmente o archivar si no esta en WC
3287;SS-8;MUELLE SINSIM;import reciente;0.0;0;REVISAR: enlazar manualmente o archivar si no esta en WC
3288;SS-9;NUDO BARRA AGUJA SINSIM;import reciente;0.0;0;REVISAR: enlazar manualmente o archivar si no esta en WC
3196;ST-M0404-HA360;"MIGHTYHOOP 4"" X 4"" ECO";import reciente;0.0;0;ARCHIVAR o unificar (duplicado)
3193;ST-M0413-HA500;"MIGHTYHOOP 4"" X 12,75"" ECO";import reciente;0.0;0;ARCHIVAR o unificar (duplicado)
3204;ST-M0505-W;"""MARCO"" MIGHTYHOOP 5,5"" ECO";import reciente;0.0;0;ARCHIVAR o unificar (duplicado)
3194;ST-M0608-HA360;"MIGHTYHOOP 6"" X 8"" ECO";import reciente;0.0;0;ARCHIVAR o unificar (duplicado)
3191;ST-M0803-HA360;"MIGHTYHOOP 7,75"" X 2,75"" ECO";import reciente;0.0;0;ARCHIVAR o unificar (duplicado)
3231;ST-M0809-HA360;"MIGHTYHOOP 8,5 X 9"" ECO";import reciente;0.0;0;ARCHIVAR o unificar (duplicado)
3190;ST-M0813-HA500;"MIGHTYHOOP 8 X 13"" ECO";import reciente;0.0;0;ARCHIVAR o unificar (duplicado)
3230;ST-M0905-HA360;"MIGHTYHOOP 8,7 X 4,9"" ECO";import reciente;0.0;0;ARCHIVAR o unificar (duplicado)
3228;ST-M1010;"""MARCO"" MIGHTYHOOP 10"" ECO";import reciente;0.0;0;ARCHIVAR o unificar (duplicado)
3226;ST-M1212-HA500;"MIDGHTYHOOP 12 X 12"" ECO";import reciente;0.0;0;ARCHIVAR o unificar (duplicado)
3220;ST-M1304-HA500;"MIGHTYHOOP 12,6"" X 3,9"" ECO";import reciente;0.0;0;ARCHIVAR o unificar (duplicado)
3192;ST-M1316-HA500;"MIGHTYHOOP 12,5"" X 15,5"" ECO";import reciente;0.0;0;ARCHIVAR o unificar (duplicado)
3227;ST-M1716-HA500;"MIGHTYHOOP 17 X 16""";import reciente;0.0;0;ARCHIVAR o unificar (duplicado)
3195;ST-M6565-HA360;"MIGHTYHOOP 6,5"" X 6,5"" ECO";import reciente;0.0;0;ARCHIVAR o unificar (duplicado)
3221;ST-M7272-HA500;"MIGHTYHOOP 7,25"" ECO";import reciente;0.0;0;ARCHIVAR o unificar (duplicado)
3435;STAD03004;TORNILLO PLACA REFUERZO BASTIDOR GORRAS HCS;import reciente;0.0;1;REVISAR: enlazar manualmente o archivar si no esta en WC
3244;TA-910800600T00;TACO SALTO (RECIPROCADOR) TAJIMA TMFX/TFGN;import reciente;0.0;0;REVISAR: enlazar manualmente o archivar si no esta en WC
3224;TA-9A0802400012;"EXCENTRICO PARTIDO  PRENSATELAS (M) TAJIMA:
(TFMX, TFMXII, TFGN,)";import reciente;0.0;0;ARCHIVAR o unificar (duplicado)
3223;TA-9A0802500000;"EXCENTRICO PARTIDO  PRENSATELAS (F1) TAJIMA:
(TFHX, TMFD, TFGN, TMLH-MIX, TMLHII-MIX Y TCMX-MIX)";import reciente;0.0;0;ARCHIVAR o unificar (duplicado)
3266;TOR.PLA;TORNILLO PLACA AGUJA HAPPY Y OTRAS;import reciente;0.0;0;REVISAR: enlazar manualmente o archivar si no esta en WC
3443;TRAB/DESP/BORD;TRABAJOS REPARACIÓN//DESPLAZAMIENTO DE MÁQUINAS BORDAR INDUSTRIALES;import reciente;0.0;12;REVISAR: enlazar manualmente o archivar si no esta en WC
3444;TRABAJOSAPAR;TRABAJOS EN APARADO;import reciente;0.0;45;REVISAR: enlazar manualmente o archivar si no esta en WC
3445;TRABAJOSBORD;TRABAJOS REALIZADOS EN MÁQUINAS DE BORDAR INDUSTRIALES;import reciente;0.0;3;REVISAR: enlazar manualmente o archivar si no esta en WC
3446;TRABCLIENT;TRABAJOS EN CLIENTE;import reciente;0.0;6;REVISAR: enlazar manualmente o archivar si no esta en WC
3365;[GBB27-100RG];AGUJAS B27-100RG;import reciente;0.0;1;REVISAR: enlazar manualmente o archivar si no esta en WC
3363;[GBB27-90RG];AGUJAS B27-90RG;import reciente;0.0;1;REVISAR: enlazar manualmente o archivar si no esta en WC
3213;hcd29582;"FRONT PANEL COVER 7"" HAPPY";import reciente;0.0;0;ARCHIVAR o unificar (duplicado)
3214;hcd29590;"REAR COVER PANEL 7"" HAPPY";import reciente;0.0;0;ARCHIVAR o unificar (duplicado)
3202;;ARO CON TORNILLO BASTIDOR 12CM;import reciente;0.0;0;REVISAR: enlazar manualmente o archivar si no esta en WC
3215;;CUCHILLA REFINAR 3,5;import reciente;0.0;0;REVISAR: enlazar manualmente o archivar si no esta en WC
3216;;GRIFO BIDÓN ACEITE 50L;import reciente;0.0;0;REVISAR: enlazar manualmente o archivar si no esta en WC
3218;;CAMBIO COLOR MODERNO TAJIMA;import reciente;0.0;0;REVISAR: enlazar manualmente o archivar si no esta en WC
3236;;PRENSATELA 9,2CM TAJIMA TFMX-TCMX;import reciente;0.0;0;REVISAR: enlazar manualmente o archivar si no esta en WC
3238;;hcuy;import reciente;0.0;0;REVISAR: enlazar manualmente o archivar si no esta en WC
3239;;muelle freno canilla;import reciente;0.0;0;REVISAR: enlazar manualmente o archivar si no esta en WC
3270;;*DE1141014A*;import reciente;0.0;0;REVISAR: enlazar manualmente o archivar si no esta en WC
3271;;DE1141014A*;import reciente;0.0;0;REVISAR: enlazar manualmente o archivar si no esta en WC
3332;;PLACA ELECTRONICA ON/OFF CABEZAL HCR2;import reciente;0.0;1;REVISAR: enlazar manualmente o archivar si no esta en WC
3340;;PORTES CTT;import reciente;0.0;20;REVISAR: enlazar manualmente o archivar si no esta en WC
3341;;PICAJE ALL YOURS;import reciente;0.0;1;REVISAR: enlazar manualmente o archivar si no esta en WC
3343;;conos varios;import reciente;0.0;1;REVISAR: enlazar manualmente o archivar si no esta en WC
3352;;POLY1761;import reciente;0.0;1;REVISAR: enlazar manualmente o archivar si no esta en WC
3353;;ORO 4007;import reciente;0.0;1;REVISAR: enlazar manualmente o archivar si no esta en WC
3354;;PLATA 4011;import reciente;0.0;1;REVISAR: enlazar manualmente o archivar si no esta en WC
3355;;POLY1767;import reciente;0.0;1;REVISAR: enlazar manualmente o archivar si no esta en WC
3358;;PICAJE GLO&BEAUTY;import reciente;0.0;1;REVISAR: enlazar manualmente o archivar si no esta en WC
3360;;COLOR 1843;import reciente;0.0;1;REVISAR: enlazar manualmente o archivar si no esta en WC
3361;;ALBARÁN 024701;import reciente;0.0;0;REVISAR: enlazar manualmente o archivar si no esta en WC
3362;;[GBB27-90RG] AGUJAS B27-80RG;import reciente;0.0;0;REVISAR: enlazar manualmente o archivar si no esta en WC
3364;;[GBB27-90RG] AGUJAS B27-100RG;import reciente;0.0;0;REVISAR: enlazar manualmente o archivar si no esta en WC
3366;;AGUJAS 134S-80;import reciente;0.0;1;REVISAR: enlazar manualmente o archivar si no esta en WC
3369;;PORTS CTT;import reciente;0.0;1;REVISAR: enlazar manualmente o archivar si no esta en WC
3370;;TRABAJOS;import reciente;0.0;9;REVISAR: enlazar manualmente o archivar si no esta en WC
3374;;CORREA REDUCTORA X ZSK;import reciente;0.0;1;REVISAR: enlazar manualmente o archivar si no esta en WC
3375;;CORREA PATIN X ZSK;import reciente;0.0;1;REVISAR: enlazar manualmente o archivar si no esta en WC
3377;;TRABAJOS EN CLIENTE;import reciente;0.0;12;REVISAR: enlazar manualmente o archivar si no esta en WC
3378;;ENCODER MAQUINA DE TOLDOS TENDAL;import reciente;0.0;1;REVISAR: enlazar manualmente o archivar si no esta en WC
3381;;SOLENOIDE PICKER TAJIMA TMFX5;import reciente;0.0;1;REVISAR: enlazar manualmente o archivar si no esta en WC
3382;;PORTES DHL;import reciente;0.0;1;REVISAR: enlazar manualmente o archivar si no esta en WC
3383;;LTB1988;import reciente;0.0;1;REVISAR: enlazar manualmente o archivar si no esta en WC
3384;;LTB1918;import reciente;0.0;1;REVISAR: enlazar manualmente o archivar si no esta en WC
3385;;LTB1866;import reciente;0.0;1;REVISAR: enlazar manualmente o archivar si no esta en WC
3386;;LTB1673;import reciente;0.0;1;REVISAR: enlazar manualmente o archivar si no esta en WC
3387;;PICAJE MESVIAL;import reciente;0.0;0;REVISAR: enlazar manualmente o archivar si no esta en WC
3388;;PICAJE DATALOGIC;import reciente;0.0;0;REVISAR: enlazar manualmente o archivar si no esta en WC
3389;;PICAJE OVILLO;import reciente;0.0;0;REVISAR: enlazar manualmente o archivar si no esta en WC
3390;;PICAJE CHEF;import reciente;0.0;0;REVISAR: enlazar manualmente o archivar si no esta en WC
3391;;DIENTE CH8B;import reciente;0.0;0;REVISAR: enlazar manualmente o archivar si no esta en WC
3392;;PICAJE ANABEL;import reciente;0.0;0;REVISAR: enlazar manualmente o archivar si no esta en WC
3395;;HILO LTB;import reciente;0.0;1;REVISAR: enlazar manualmente o archivar si no esta en WC
3398;;Accesorios;import reciente;0.0;1;REVISAR: enlazar manualmente o archivar si no esta en WC
3399;;hcdu13011;import reciente;0.0;0;REVISAR: enlazar manualmente o archivar si no esta en WC
3401;;KIT INICIO BORDADO;import reciente;0.0;1;REVISAR: enlazar manualmente o archivar si no esta en WC
3402;;MÁQUINA DURKOPP ADLER 888-160122M;import reciente;0.0;1;REVISAR: enlazar manualmente o archivar si no esta en WC
3403;;91-011165-04/3.0 3;import reciente;0.0;0;REVISAR: enlazar manualmente o archivar si no esta en WC
3405;;muestras de entretelas;import reciente;0.0;0;REVISAR: enlazar manualmente o archivar si no esta en WC
3406;;TRABAJOS REALIZADOS;import reciente;0.0;1;REVISAR: enlazar manualmente o archivar si no esta en WC
3408;;NOTA;import reciente;0.0;2;REVISAR: enlazar manualmente o archivar si no esta en WC
3410;;nylon;import reciente;0.0;0;REVISAR: enlazar manualmente o archivar si no esta en WC
3411;;nylon negro;import reciente;0.0;0;REVISAR: enlazar manualmente o archivar si no esta en WC
3414;;CADENA CINTA ARRASTRE;import reciente;0.0;1;REVISAR: enlazar manualmente o archivar si no esta en WC
3415;;TRABAJOS REALIZADOS;import reciente;0.0;1;REVISAR: enlazar manualmente o archivar si no esta en WC
3419;;CUCHILLA FIJA DK 265;import reciente;0.0;0;REVISAR: enlazar manualmente o archivar si no esta en WC
3421;;CUCHILLA MOVIL DK 265;import reciente;0.0;0;REVISAR: enlazar manualmente o archivar si no esta en WC
3422;;RESORTE DK;import reciente;0.0;0;REVISAR: enlazar manualmente o archivar si no esta en WC
3423;;LEAF SPRING DK;import reciente;0.0;0;REVISAR: enlazar manualmente o archivar si no esta en WC
3436;;TRABAJOS EN APARADO;import reciente;0.0;3;REVISAR: enlazar manualmente o archivar si no esta en WC
3437;;TRABAJOAPA;import reciente;0.0;0;REVISAR: enlazar manualmente o archivar si no esta en WC
3438;;KM SL-10 MAQUINA DE CORTE VERTICAL;import reciente;0.0;0;REVISAR: enlazar manualmente o archivar si no esta en WC
3440;;RIBETEADOR INCLINADO 22X6;import reciente;0.0;1;REVISAR: enlazar manualmente o archivar si no esta en WC
3441;;CUCHILLA HCS3;import reciente;0.0;0;REVISAR: enlazar manualmente o archivar si no esta en WC
3442;;TIH;import reciente;0.0;0;REVISAR: enlazar manualmente o archivar si no esta en WC
3450;;REPARAR POSICIONADOR GORRAS;import reciente;0.0;2;REVISAR: enlazar manualmente o archivar si no esta en WC
3452;;Sincro motor;import reciente;0.0;1;REVISAR: enlazar manualmente o archivar si no esta en WC
3453;;TORNILLO SUJECCIÓN PLATO MAQ. AUTÓMATA;import reciente;0.0;1;REVISAR: enlazar manualmente o archivar si no esta en WC
3461;;TORNILLO SOPORTE CUCHILLA DK 888;import reciente;0.0;1;REVISAR: enlazar manualmente o archivar si no esta en WC
3462;;GOMA TOPE SOLENOIDE ALZAPATAS;import reciente;0.0;1;REVISAR: enlazar manualmente o archivar si no esta en WC
3463;;MANGUERA 5 HILOS;import reciente;0.0;1;REVISAR: enlazar manualmente o archivar si no esta en WC
3464;;HACER EJE 16 ROSCADO;import reciente;0.0;1;REVISAR: enlazar manualmente o archivar si no esta en WC
3465;;PLANTILLAS ROSCADAS AJUSTADOR BOQUILLA Y CUCHILLA SAGITTA;import reciente;0.0;1;REVISAR: enlazar manualmente o archivar si no esta en WC
3466;;AFILAR CUCHILLA SAGITTA;import reciente;0.0;1;REVISAR: enlazar manualmente o archivar si no esta en WC
3467;;PUENTE RECTIFICADOR VIA VOLONTE;import reciente;0.0;1;REVISAR: enlazar manualmente o archivar si no esta en WC
3468;;RIBETEADOR DE 19X5,5 VIVO ITALIANO PLANTA;import reciente;0.0;1;REVISAR: enlazar manualmente o archivar si no esta en WC
3469;;AJUSTADOR PALANCA RODILLERA;import reciente;0.0;1;REVISAR: enlazar manualmente o archivar si no esta en WC
3470;;TRABAJOS EN CAMBIO DE BIELA Y AJUSTE MAQUINA PF 491;import reciente;0.0;1;REVISAR: enlazar manualmente o archivar si no esta en WC
3473;;DESCUENTO PEDIDDO #192266;import reciente;0.0;0;REVISAR: enlazar manualmente o archivar si no esta en WC
3478;;PRISMA AUTO 40X60;import reciente;0.0;1;REVISAR: enlazar manualmente o archivar si no esta en WC
3588;;PLACA ELECTRONICA ON/OFF CABEZAL HCR2 (copia);import reciente;0.0;0;REVISAR: enlazar manualmente o archivar si no esta en WC
3591;;SINSIM PEC-1202  (copia);import reciente;0.0;0;REVISAR: enlazar manualmente o archivar si no esta en WC
3592;;LTB 1938;import reciente;0.0;0;REVISAR: enlazar manualmente o archivar si no esta en WC
3593;;FUNDA PLANCHA;import reciente;0.0;1;REVISAR: enlazar manualmente o archivar si no esta en WC
3594;;RACOR UNION 6mm;import reciente;0.0;1;REVISAR: enlazar manualmente o archivar si no esta en WC
3595;;garfio dk 888;import reciente;0.0;1;REVISAR: enlazar manualmente o archivar si no esta en WC
3596;;ARO GOMA RODETA PARA MAQUINA DE CARGAR;import reciente;0.0;2;REVISAR: enlazar manualmente o archivar si no esta en WC
3597;;RODETA ABATIBLE;import reciente;0.0;1;REVISAR: enlazar manualmente o archivar si no esta en WC
3598;;PLANTILLA SOPORTE PRESILLA TTY;import reciente;0.0;2;REVISAR: enlazar manualmente o archivar si no esta en WC
3599;;MUELLE PRESILLA TTY;import reciente;0.0;1;REVISAR: enlazar manualmente o archivar si no esta en WC
3600;;RIBETEADOR DE 17X4 CON PUENTE TRASERO Y PASE CANUTILLO;import reciente;0.0;1;REVISAR: enlazar manualmente o archivar si no esta en WC
3601;;RIBETEADOR 20X6;import reciente;0.0;1;REVISAR: enlazar manualmente o archivar si no esta en WC
3602;;134R;import reciente;0.0;0;REVISAR: enlazar manualmente o archivar si no esta en WC
3603;;Anticipo;import reciente;0.0;1;REVISAR: enlazar manualmente o archivar si no esta en WC
3604;;LTB1866;import reciente;0.0;0;REVISAR: enlazar manualmente o archivar si no esta en WC
3605;;DESPLAZAMIENTO A CLIENTE;import reciente;0.0;0;REVISAR: enlazar manualmente o archivar si no esta en WC
3606;;0888 22743;import reciente;0.0;0;REVISAR: enlazar manualmente o archivar si no esta en WC
