ID producto;Referencia interna;Nombre;Num pedidos;Stock;Nota
3444;TRABAJOSAPAR;TRABAJOS EN APARADO;45;0.0;CONSERVAR - tiene historial ventas
3340;;PORTES CTT;20;0.0;CONSERVAR - tiene historial ventas
1301;0767 150590;MUELLE FRENO CANILLA DK 888;14;0.0;CONSERVAR - tiene historial ventas
487;PREB ROYAL BL;CAJA DE CANILLAS PREBOBINADAS PREMIUM ROYAL BLANCA 70D/2 L;14;0.0;CONSERVAR - tiene historial ventas
3443;TRAB/DESP/BORD;TRABAJOS REPARACIÓN//DESPLAZAMIENTO DE MÁQUINAS BORDAR INDUSTRIALES;12;0.0;CONSERVAR - tiene historial ventas
2501;BASE-70WL;70WL BLANCA ENTRETELA BASE DE ARRANCAR, 70 GRAMOS. (1m X 100m);9;0.0;CONSERVAR - tiene historial ventas
2500;BASE-105WL;ENTRETELA BASE DE ARRANCAR, 105 GRAMOS. (1m X 100m);7;0.0;CONSERVAR - tiene historial ventas
1625;0688 350110;CUCHILLA MOVIL DK 888/HIGLEAD/GOLDEN WHEEL;6;0.0;CONSERVAR - tiene historial ventas
3446;TRABCLIENT;TRABAJOS EN CLIENTE;6;0.0;CONSERVAR - tiene historial ventas
3111;LTB1801;COLOR 1801 (BLANCO);6;0.0;CONSERVAR - tiene historial ventas
1361;FRA44270;FLEJE BASTIDOR GORRAS HCR2/HCR3;5;0.0;CONSERVAR - tiene historial ventas
990;GBDBXK5-80RG;AGUJA DBXK5 80RG;4;0.0;CONSERVAR - tiene historial ventas
2918;HCD81351;PLACA CONT-D3 BOARD ASSY HCD3E;4;0.0;CONSERVAR - tiene historial ventas
1965;FLEXO-DS99K-T;FLEXO ARTICULADO LED;4;0.0;CONSERVAR - tiene historial ventas
1306;0245 001660 A;CANILLA dk MOD. 888/888M;4;0.0;CONSERVAR - tiene historial ventas
1375;91-011165-04/3.0;CUCHILLA REFINAR ROMER 3,0 PF-491;4;0.0;CONSERVAR - tiene historial ventas
3107;LTB1980;COLOR 1980;4;0.0;CONSERVAR - tiene historial ventas
3171;HMGU13630;PRENSATELAS HAPPY HCD2/HCR2/HMF & HMG NOISE REDUCTION;4;0.0;CONSERVAR - tiene historial ventas
1730;0688 150130;TAPA COLUMNA DCHA. DK 888;4;0.0;CONSERVAR - tiene historial ventas
3181;0888 200040;"PLACA 1 AGUJA ""a"" dk 888/HIGHLEAD/GOLDEN WHEEL";4;0.0;CONSERVAR - tiene historial ventas
1273;0888 220783;RODETA GOMA DK 35MM Ø;4;0.0;CONSERVAR - tiene historial ventas
1534;RACOR AIRE 1/4;RACOR AIRE 1/4;3;0.0;CONSERVAR - tiene historial ventas
1575;9203 361842;Tornillo placa 1 aguja dk/SUNK SCREW;3;0.0;CONSERVAR - tiene historial ventas
3174;0888 200050;"PLACA 1 AGUJA ""b"" dk 888";3;0.0;CONSERVAR - tiene historial ventas
3351;LTB1842;CONO HILO LTB, GROSOR 40, 5000 mts, Color 1842;3;0.0;CONSERVAR - tiene historial ventas
3179;0688 350100;"CUCHILLA FIJA dk888
/HIGHLEAD/GOLDEN WHEEL";3;0.0;CONSERVAR - tiene historial ventas
3109;LTB1800;COLOR 1800 (NEGRO);3;0.0;CONSERVAR - tiene historial ventas
1299;TRAB/DESP/APA;TRABAJOS/REPARACIÓN/DESPLAZAMIENTO,  DE MAQUINAS DE APARAR/COSER;3;0.0;CONSERVAR - tiene historial ventas
1358;TRAB/DESP/TOLD;TRABAJOS/REPARACIÓN/DESPLAZAMIENTOS MAQUINAS DE TOLDOS;3;0.0;CONSERVAR - tiene historial ventas
1731;0688 150140;TAPA COLUMNA IZDA. DK 888;3;0.0;CONSERVAR - tiene historial ventas
1352;ISAMET METAL;HILO ISAMET 40 5000M METAL ORO 0493;3;0.0;CONSERVAR - tiene historial ventas
1225;GB134R-80;AGUJAS 134R-80;3;0.0;CONSERVAR - tiene historial ventas
2159;0688 350200;TORNILLO CUCHILLA MOVIL  DK 888;3;0.0;CONSERVAR - tiene historial ventas
1877;HCD05140;CUCHILLA FIJA HAPPY HCU/HCR3/HCD3 (MODERNA);3;0.0;CONSERVAR - tiene historial ventas
3249;PEC-1202;SINSIM PEC-1202 ;3;0.0;CONSERVAR - tiene historial ventas
1528;0888 150754;GARFIO DK 888;3;0.0;CONSERVAR - tiene historial ventas
3445;TRABAJOSBORD;TRABAJOS REALIZADOS EN MÁQUINAS DE BORDAR INDUSTRIALES;3;0.0;CONSERVAR - tiene historial ventas
2368;0667 156424;INTERIOR DK888 22m;2;0.0;CONSERVAR - tiene historial ventas
1119;EPP00522/EPP00524;FOTO INTERRUPTOR HAPPY;2;0.0;CONSERVAR - tiene historial ventas
3596;;ARO GOMA RODETA PARA MAQUINA DE CARGAR;2;0.0;CONSERVAR - tiene historial ventas
3598;;PLANTILLA SOPORTE PRESILLA TTY;2;0.0;CONSERVAR - tiene historial ventas
1150;ESP4G;ESPUMA4GRIS;2;0.0;CONSERVAR - tiene historial ventas
3450;;REPARAR POSICIONADOR GORRAS;2;0.0;CONSERVAR - tiene historial ventas
3296;LTB1615;COLOR 1615;2;0.0;CONSERVAR - tiene historial ventas
3347;LTB1811;LTB1811;2;0.0;CONSERVAR - tiene historial ventas
1228;GB134R-70;AGUJAS 134R-70;2;0.0;CONSERVAR - tiene historial ventas
1061;HCD50040;BOTON PLASTICO PULSADOR START PANEL HAPPY;2;0.0;CONSERVAR - tiene historial ventas
2985;52/11;PIEDRA 52/11 LADO IZQUIERDO;2;0.0;CONSERVAR - tiene historial ventas
3158;ST-M1010-HA360;"MIGHTYHOOP 10 X 10"" ECO";2;0.0;CONSERVAR - tiene historial ventas
2182;BOBINAVOL;BOBINA PUESTO VOLONTE;2;0.0;CONSERVAR - tiene historial ventas
3416;GB134S-65;AGUJAS 134S-65;2;0.0;CONSERVAR - tiene historial ventas
1524;HCD05033;CUCHILLA MOVIL HAPPY HCS/HCS2/HCR2/HCH+;2;0.0;CONSERVAR - tiene historial ventas
1350;EPZ01222;TARJETA DE MEMORIA SD WINDOWS HAPPY HCS2/HCD2/HCR2.;2;0.0;CONSERVAR - tiene historial ventas
1141;HCB08066;TACO SALTO PUNTADA COMPLETO (RECIPROCADOR) HAPPY HCH/HCS/HCS2;2;0.0;CONSERVAR - tiene historial ventas
488;PREB ROYAL NE;CAJA DE CANILLAS PREBOBINADAS PREMIUM ROYAL COLOR NEGRO 70D/2 L;2;0.0;CONSERVAR - tiene historial ventas
1406;9820 110018;ELECTROIMAN ALZAPATAS DK 888;2;0.0;CONSERVAR - tiene historial ventas
3408;;NOTA;2;0.0;CONSERVAR - tiene historial ventas
3417;GB134KKSD-70;AGUJAS 134KKSD-70;2;0.0;CONSERVAR - tiene historial ventas
1589;0992 023577;TORNILLO DELANTERO DK 888;2;0.0;CONSERVAR - tiene historial ventas
1633;GB134D-120;AGUJAS 134D-120;2;0.0;CONSERVAR - tiene historial ventas
3350;LTB1967;LTB1967;2;0.0;CONSERVAR - tiene historial ventas
1158;ESP4BLA;ESPUMA 4MM BLANCA;2;0.0;CONSERVAR - tiene historial ventas
1159;ESP4NE;ESPUMA4NEGRA;2;0.0;CONSERVAR - tiene historial ventas
506;P-BEYAZ;FISPOLY40, BEYAZ (BLANCO);2;0.0;CONSERVAR - tiene historial ventas
2701;HCU2-1401-40;HCU2-1401-40W                                      ;2;0.0;CONSERVAR - tiene historial ventas
2736;HCS05020;CUCHILLA FIJA HAPPY HCS3;2;0.0;CONSERVAR - tiene historial ventas
1392;NYLONBLANCO;PRO-NYLON PARA EL BORDADO (1,6m) BLANCO;2;0.0;CONSERVAR - tiene historial ventas
3367;GB134LR-60;AGUJAS 134LR-60;2;0.0;CONSERVAR - tiene historial ventas
1398;TA-FX0227000000;CUCHILLA MOVIL TAJIMA TMFD;2;0.0;CONSERVAR - tiene historial ventas
3110;LTB1765;COLOR 1765;2;0.0;CONSERVAR - tiene historial ventas
1748;S080 870167;CUCHILLA MOVIL ZIG-ZAG dk 52X / GB;2;0.0;CONSERVAR - tiene historial ventas
3428;9850 001089;LED DK 52X;1;0.0;CONSERVAR - tiene historial ventas
3435;STAD03004;TORNILLO PLACA REFUERZO BASTIDOR GORRAS HCS;1;0.0;CONSERVAR - tiene historial ventas
3430;S080 818711;RESORTE DK ;1;0.0;CONSERVAR - tiene historial ventas
987;GBDBXK5-65RG;AGUJA DBXK5 65RG;1;0.0;CONSERVAR - tiene historial ventas
3440;;RIBETEADOR INCLINADO 22X6;1;0.0;CONSERVAR - tiene historial ventas
3448;ENCHUFERAP;ENCHUFE RÁPIDO;1;0.0;CONSERVAR - tiene historial ventas
3447;DESPCOS;DESPLAZAMIENTO EN MÁQUINAS DE COSER;1;0.0;CONSERVAR - tiene historial ventas
3449;6-82-2Y;EXCÉNTRICO Nº24 MERROW;1;0.0;CONSERVAR - tiene historial ventas
3462;;GOMA TOPE SOLENOIDE ALZAPATAS;1;0.0;CONSERVAR - tiene historial ventas
3465;;PLANTILLAS ROSCADAS AJUSTADOR BOQUILLA Y CUCHILLA SAGITTA;1;0.0;CONSERVAR - tiene historial ventas
3466;;AFILAR CUCHILLA SAGITTA;1;0.0;CONSERVAR - tiene historial ventas
3460;GB134-35D-100;AGUJAS 134-35D-100;1;0.0;CONSERVAR - tiene historial ventas
3470;;TRABAJOS EN CAMBIO DE BIELA Y AJUSTE MAQUINA PF 491;1;0.0;CONSERVAR - tiene historial ventas
3452;;Sincro motor;1;0.0;CONSERVAR - tiene historial ventas
3453;;TORNILLO SUJECCIÓN PLATO MAQ. AUTÓMATA;1;0.0;CONSERVAR - tiene historial ventas
3461;;TORNILLO SOPORTE CUCHILLA DK 888;1;0.0;CONSERVAR - tiene historial ventas
3463;;MANGUERA 5 HILOS;1;0.0;CONSERVAR - tiene historial ventas
3464;;HACER EJE 16 ROSCADO;1;0.0;CONSERVAR - tiene historial ventas
3467;;PUENTE RECTIFICADOR VIA VOLONTE;1;0.0;CONSERVAR - tiene historial ventas
3468;;RIBETEADOR DE 19X5,5 VIVO ITALIANO PLANTA;1;0.0;CONSERVAR - tiene historial ventas
3469;;AJUSTADOR PALANCA RODILLERA;1;0.0;CONSERVAR - tiene historial ventas
3471;LASER KX1390-F;LASER KASU CON RECONOCIMIENTO POR CÁMARA;1;0.0;CONSERVAR - tiene historial ventas
3478;;PRISMA AUTO 40X60;1;0.0;CONSERVAR - tiene historial ventas
2514;HR3U37A2;BASTIDOR GORRAS HAPPY HCR3-;1;0.0;CONSERVAR - tiene historial ventas
1357;GB332R-90;AGUJAS 332-90R;1;0.0;CONSERVAR - tiene historial ventas
2858;0667 165220;MUELLE TENSOR DK;1;0.0;CONSERVAR - tiene historial ventas
1261;GBDBXK5SAN1-70RG;AGUJAS DBXK5 70RG gebedur;1;0.0;CONSERVAR - tiene historial ventas
3331;PEC-1204;"- MAQUINA DE BORDAR SINSIM DE CUATRO CABEZALES Y 12 AGUJAS, CON CAMPO DE TRABAJO DE 400X400, EQUIPADA CON GARFIO JAPONÉS, MONITOR DE 10 PULGADAS, CONDUCCIÓN DE BASTIDOR SUSPENDIDA PARA UN MAYOR APROVECHAMIENTO DEL ESPACIO DE BORDADO Y TECNOLOGÍA SERVOMOTOR.

- VELOCIDAD 1200 RPM. 
- GARFIO JAPONES HIROSE.
- PANEL S10 PRO, CON CONVERSION DE ARCHIVOS JPG DIRECTAMENTE A DST.
- CAMBIO DE COLOR AUTOMATICO
- FUNCIÓN DE AVANCE Y RETROCESO DEL BASTIDOR CON UN SOLO TOQUE
- FUNCION CORTE DE HILO AUTOMATICO
- ALARMA AUTOMATICA LIMITE DEL DISEÑO
- ILUMINACION LED FRONTAL
- FUNCION TRANSMISION DEL DISEÑO INHALAMBRICO
- FUNCION SELECCION DEL BASTIDOR
- RESTABLECIMIENTO POR FALLO DE CORRIENTE EN UN SOLO TOQUE. OPCIONAL: SISTEMA RECONOCIMIENTO


INCLUYE:
8 X Aro 70, 8 X Aro 110, 8 X Aro 150, 8 X Aro 190, 8 X Aro 270*270 , 8 X Aro 530*330, 1 X Kit de Gorras, Bobinador de Canillas, 1 X Mesa plana, 1 X Bastidor Portal, 1 X Soporte de máquina.";1;0.0;CONSERVAR - tiene historial ventas
2183;91-119449-12;BIELA cortahilos pf 491;1;0.0;CONSERVAR - tiene historial ventas
3593;;FUNDA PLANCHA;1;0.0;CONSERVAR - tiene historial ventas
3599;;MUELLE PRESILLA TTY;1;0.0;CONSERVAR - tiene historial ventas
3600;;RIBETEADOR DE 17X4 CON PUENTE TRASERO Y PASE CANUTILLO;1;0.0;CONSERVAR - tiene historial ventas
3603;;Anticipo;1;0.0;CONSERVAR - tiene historial ventas
3594;;RACOR UNION 6mm;1;0.0;CONSERVAR - tiene historial ventas
3595;;garfio dk 888;1;0.0;CONSERVAR - tiene historial ventas
3597;;RODETA ABATIBLE;1;0.0;CONSERVAR - tiene historial ventas
3601;;RIBETEADOR 20X6;1;0.0;CONSERVAR - tiene historial ventas
1541;S321 010220;BOLA BAQUELITA TOPE DK;1;0.0;CONSERVAR - tiene historial ventas
1696;GB134-35D-140;AGUJAS 134-35D-140;1;0.0;CONSERVAR - tiene historial ventas
2708;NYLONAZULINA;PRO-NYLON PARA EL BORDADO (1,6M) AZULINA;1;0.0;CONSERVAR - tiene historial ventas
3291;S080 627037;PORTA AGUJA DK 524;1;0.0;CONSERVAR - tiene historial ventas
3322;LTB1775;COLOR 1775;1;0.0;CONSERVAR - tiene historial ventas
3332;;PLACA ELECTRONICA ON/OFF CABEZAL HCR2;1;0.0;CONSERVAR - tiene historial ventas
1002;HCB05070;CAZAHILOS HILO CANILLA HAPPY HCS/HCS2/HCD/HCD2/HCR2;1;0.0;CONSERVAR - tiene historial ventas
1062;HCG14B20;FIELTRO 12 AGUJAS HAPPY HCG/HCM/HMF;1;0.0;CONSERVAR - tiene historial ventas
1676;MID 12;BASTIDOR TUBULAR MID 12CM TIPO HAPPY;1;0.0;CONSERVAR - tiene historial ventas
2202;HCR79020;CONJUNTO FRENO HAPPY HCR2;1;0.0;CONSERVAR - tiene historial ventas
2888;ANZELSLW;ANZEL SUPER LUX (FINO) WHITE 60/2 10.000MT HILO CANILLA;1;0.0;CONSERVAR - tiene historial ventas
1478;GL60001402;CORREA ARRASTRE GB LP971;1;0.0;CONSERVAR - tiene historial ventas
1811;CORREA Z-56;CORREA Z-56 OPTIB.;1;0.0;CONSERVAR - tiene historial ventas
1452;GB134KKD-80;AGUJAS 134KKD-80;1;0.0;CONSERVAR - tiene historial ventas
1606;HCU04A71;CUCHILLA MOVIL HAPPY HCU;1;0.0;CONSERVAR - tiene historial ventas
1530;BO-55623;CANILLA ALFA/MB/MAQ. BORDAR Y SINGER 20U;1;0.0;CONSERVAR - tiene historial ventas
1850;0667 156530;CANILLA PEQUEÑA 22MM DK 888;1;0.0;CONSERVAR - tiene historial ventas
2057;HIDRO110M-60;FILM HIDROSOLUBLE 110 60CMX100MT.;1;0.0;CONSERVAR - tiene historial ventas
2341;FR-ZP5C;BIELA ACCTO.ANCORA;1;0.0;CONSERVAR - tiene historial ventas
2118;8.02.410;CABLE TENSOR BIGORNIA MEC-VAL CS-87;1;0.0;CONSERVAR - tiene historial ventas
2174;91-119256-05;ARANDELA GOMA EJE BIELA PF-491;1;0.0;CONSERVAR - tiene historial ventas
3038;050320940000;CUCHILLA FIJA 2 AGUJEROS TAJIMA TFMX-2C TIPO 2;1;0.0;CONSERVAR - tiene historial ventas
2852;MID 18;BASTIDOR TUBULAR MID 18CM TIPO HAPPY;1;0.0;CONSERVAR - tiene historial ventas
2855;30090-a;CORREA MOTOR HAPPY HCH;1;0.0;CONSERVAR - tiene historial ventas
2534;HCG902670;BUSH ASS´Y;1;0.0;CONSERVAR - tiene historial ventas
3112;LTB1838;COLOR 1838;1;0.0;CONSERVAR - tiene historial ventas
2851;MID 15;BASTIDOR TUBULAR MID 15CM TIPO HAPPY;1;0.0;CONSERVAR - tiene historial ventas
1550;BO-18034;CANILLA MB GARFIO GRANDE;1;0.0;CONSERVAR - tiene historial ventas
1931;KC270720;FIELTRO GANCHO RETIRAHILOS BARUDAN ANTIGUAS;1;0.0;CONSERVAR - tiene historial ventas
1020;SPAD02003;PAN HEAD SCREW M2X3-HCS  A HAPPY;1;0.0;CONSERVAR - tiene historial ventas
527;P-SIYAH;FISPOLY40, SIYAH (NEGRO);1;0.0;CONSERVAR - tiene historial ventas
1170;HSA12270;MUELLE TIRAHILOS HAPPY HCS/HCS2/HCR3/HCD;1;0.0;CONSERVAR - tiene historial ventas
2271;HCJU79030;MOTOR PRINCIPAL HAPPY HCH;1;0.0;CONSERVAR - tiene historial ventas
2382;0688 320710;MUELLE PRESION RODETA DK 888;1;0.0;CONSERVAR - tiene historial ventas
2254;91-118683-05;MUELLE RETROCESO CANILLERO PFAFF;1;0.0;CONSERVAR - tiene historial ventas
1096;HCB05080;HOLDER SUPPORT HAPPY HCS/HCS2/HCD/HCD2/HCR2;1;0.0;CONSERVAR - tiene historial ventas
1272;0888 200180;PLACA 2 AGUJAS 2,4 DK 888/260;1;0.0;CONSERVAR - tiene historial ventas
1354;99-136600-91;PISTON PRESILLA PF-491/591;1;0.0;CONSERVAR - tiene historial ventas
1717;S315 264294;MUELLE TIRAHILOS GB LP971;1;0.0;CONSERVAR - tiene historial ventas
2190;KHS12-RY;GARFIO PEQUEÑO MB/TAJIMA/HAPPY SIN CORTAHILOS/BARUDAN;1;0.0;CONSERVAR - tiene historial ventas
1701;0888 220720;LAMINA SOPORTE TOPE DK;1;0.0;CONSERVAR - tiene historial ventas
1410;POLY1651;HILO MADEIRA POLYNEON 40 500M C:1651;1;0.0;CONSERVAR - tiene historial ventas
1623;0667 135124;LEVA ALZAPATAS DK888;1;0.0;CONSERVAR - tiene historial ventas
3143;EPZ01480;PANEL TACTIL 7'' HAPPY HCH/HCS/HCD2/HCR2/HCR3;1;0.0;CONSERVAR - tiene historial ventas
2472;HCU93704;KIT BASTIDOR GORRAS HAPPY HCU/HCU2;1;0.0;CONSERVAR - tiene historial ventas
2608;LUZ LED 15AG;LUZ LED HAPPY 15 AGUJAS;1;0.0;CONSERVAR - tiene historial ventas
2789;S080 115098;PASADOR BOLA BAQUELITA TOPE DK;1;0.0;CONSERVAR - tiene historial ventas
2943;HCT-1506;MAQUINA DE BORDAR MULTICABEZAL AVANZADA DE SEIS CABEZALES.;1;0.0;CONSERVAR - tiene historial ventas
1394;HOT MELT;HOT MELT 100CMx100M;1;0.0;CONSERVAR - tiene historial ventas
1621;0888 200280;PLACA AGUJA DK REFINADORA 1,8 C;1;0.0;CONSERVAR - tiene historial ventas
2032;HCU13A50;LASER HAPPY HCU;1;0.0;CONSERVAR - tiene historial ventas
400;HCD09361;PRESSURE FOOT ROLLER HAPPY HCD2/HCR2;1;0.0;CONSERVAR - tiene historial ventas
1060;HCBU01793;TAPA CUBRE GARFIO HAPPY HCS/HCS2/HCD2/HCR/HCH+;1;0.0;CONSERVAR - tiene historial ventas
1317;91-119283-01;TIJERA CORTAHILOS PF-491;1;0.0;CONSERVAR - tiene historial ventas
1329;TUBOAI;TUBO AIRE (Metro);1;0.0;CONSERVAR - tiene historial ventas
1307;0888 220760;RODETA DK 888  35mm;1;0.0;CONSERVAR - tiene historial ventas
1190;NYLONAMARINO;PRO-NYLON PARA EL BORDADO (1,6m) AZUL MARINO;1;0.0;CONSERVAR - tiene historial ventas
1581;GB134D-100;AGUJAS 134D-100;1;0.0;CONSERVAR - tiene historial ventas
1303;9205 101847;TORNILLO AGUJA DK 888/669/GB LP2971;1;0.0;CONSERVAR - tiene historial ventas
1514;HB230760;TIRAHILOS BARUDAN YS;1;0.0;CONSERVAR - tiene historial ventas
1570;SOLDARRIBET;SOLDAR/REPARAR CAPUCHA RIBETEADOR;1;0.0;CONSERVAR - tiene historial ventas
1601;0688 130110;SOPORTE ELECTROIMAN ALZAPATA DK;1;0.0;CONSERVAR - tiene historial ventas
1449;0688 320630;TORNILLO PLACA grande dk;1;0.0;CONSERVAR - tiene historial ventas
2028;3023;RESISTENCIA MARTILLO COLLI;1;0.0;CONSERVAR - tiene historial ventas
1457;SPDD03004;TORNILLO FLEJE BASTIDOR GORRAS HAPPY(M3X4);1;0.0;CONSERVAR - tiene historial ventas
2315;HCB12093;TIRAHILOS HAPPY HCH/HCS/HCS2/HCR2;1;0.0;CONSERVAR - tiene historial ventas
1878;STAK04006;TORNILLO TAPAS HAPPY;1;0.0;CONSERVAR - tiene historial ventas
2248;HR343050;TORNILLO CON RANURA PARA CLIP, SUJECIÓN BASTIDOR GORRAS HAPPY HCR3;1;0.0;CONSERVAR - tiene historial ventas
2415;0888 220090;tornillo sujección rODETA DK 888;1;0.0;CONSERVAR - tiene historial ventas
2792;91-056900-05;SOPORTE TOPE AEREO PF;1;0.0;CONSERVAR - tiene historial ventas
3050;HCR12330;TOPE BARRA AGUJA HAPPY HCR3;1;0.0;CONSERVAR - tiene historial ventas
1393;NYLONBEIG;PRO-NYLON PARA EL BORDADO (1,6m) BEIG;1;0.0;CONSERVAR - tiene historial ventas
1391;10422109;SILLA SA.TECNO GAS S-C NY-BAS 9;1;0.0;CONSERVAR - tiene historial ventas
1436;HCD04211;RETENEDOR ROTARY HOOK RETAINER HAPPY HCD2/HCD3/HCR3;1;0.0;CONSERVAR - tiene historial ventas
1647;S080 134028;TORNILLO TOPE DK;1;0.0;CONSERVAR - tiene historial ventas
1603;HCU08A32;TACO SALTO (RECIPROCADOR) HAPPY HCU;1;0.0;CONSERVAR - tiene historial ventas
1804;522080-120619;TORNILLO PLACA AGUJA GB LP971;1;0.0;CONSERVAR - tiene historial ventas
2422;S080 683104;TORNILLO FLEJE FRENO CANILLA DK 524i;1;0.0;CONSERVAR - tiene historial ventas
3147;HCR3-1506-45 S/G;"HAPPY HCR3-1506-45 S/G
- Máquina de bordar, de 6 cabezas y 15 agujas, con una distancia entre cabezales de 360mm, un campo de bordado de 450x360mm en plano y de 320x320mm con bastidor tubular a una velocidad de 1.100rpm.
- Nuevos motores servo, mayor calidad en el bordado (todos los motores de la máquina son servomotores, X, Y y Z).
- 999 memorias con 40.000.000 de puntadas libres.
- Dotada de sujetahilos tipo clip, puntero de posición en el primer cabezal, panel de control táctil de 10,4"" con conexión wifi incorporada para la tranferencia bidireccional entre ordenador y máquina de diseños, sin necesidad de acceso a internet.
- desde el panel tenemos la posibilidad desde crear alfabetos como combinar 2 diseños en 1, así como una gran cantidad de funciones para la edición y el posicionamiento de los bordados.
- Bobinador de hilo de canilla con motor independiente.
- puertos usb/lan.
- 1000 memorias.
- Iluminación led sobre el área de bordado.
- Opcionalmente dispone de dispositivos de lentejuela, cordón y punzón, así como una gran variedad de bastidores para trabajos específicos.

- Equipamiento suministrado con la máquina:
- Bastidor portal
 - 3 juegos de bastidores tubulares a elegir entre varias medidas.u";1;0.0;CONSERVAR - tiene historial ventas
3155;HFR-W1502A-120;"HAPPY HFR-W1502A-120
- Campo de trabajo: 2 cabezales Y1200xX600 mm.; 1 cabezal Y1200xX1200 mm.
- Máquina de 15 Agujas; velocidad máxima 1000rpm.
- Panel de control 10,4"" LCD color táctil.
- HAPPY LAN software.
- Cambio de color automático.
- Detección rotura de hilo automática.
- Ranura para memoria USB.
-""Offset"" automático/bastidor fuera.
- Retorno al origen.
- Función trazado, edición de diseños, rotación y repetición de diseños
- Posibilidad de colocación de dispositivos para la aplicación de lentejuelas, cordones y cintas.";1;0.0;CONSERVAR - tiene historial ventas
1187;N800 688014;TOPE AEREO DK 888;1;0.0;CONSERVAR - tiene historial ventas
1502;HT230480;BIELA BARUDAN YN/ZN;1;0.0;CONSERVAR - tiene historial ventas
2041;HCR908370;CONJUNTO BIELA MOVIMIENTO RECIPROCADOR/BARRA AGUJA HAPPY HCR3;1;0.0;CONSERVAR - tiene historial ventas
2201;HCB902064;CONJUNTO RODAMIENTO CASQUILLO EJE PRINCIPAL INFERIOR HAPPY HCR2/HCR3.;1;0.0;CONSERVAR - tiene historial ventas
401;HCB05062;CUCHILLA FIJA HAPPY HCS/HCS2/HCD2/HCR2/HCH+;1;0.0;CONSERVAR - tiene historial ventas
1794;9401 000204;ACCIONADOR PEDAL DK;1;0.0;CONSERVAR - tiene historial ventas
1334;12436;DIENTE MB PLANA Y OTRAS;1;0.0;CONSERVAR - tiene historial ventas
2773;C12248A;FLEXO IMAN  JACK 3W;1;0.0;CONSERVAR - tiene historial ventas
1471;ZP41C;FUELLE SEIKAN FRZ-100;1;0.0;CONSERVAR - tiene historial ventas
2465;EPK01120;FUENTE ALIMENTACION HAPPY HCS2;1;0.0;CONSERVAR - tiene historial ventas
1407;0888 330130;FLEJE DK/ SPRING;1;0.0;CONSERVAR - tiene historial ventas
1309;99-137151-45;GOMA CANILLERO PF-491/591;1;0.0;CONSERVAR - tiene historial ventas
3071;HCB16404;LOWER RECTIFIER HAPPY HCU;1;0.0;CONSERVAR - tiene historial ventas
3305;LTB1657;COLOR 1657;1;0.0;CONSERVAR - tiene historial ventas
3157;ST-M0505-HA360;"MIGHTYHOOP 5,5"" ECO";1;0.0;CONSERVAR - tiene historial ventas
2056;0888 150734;INTERIOR DK 888 (caja bobina);1;0.0;CONSERVAR - tiene historial ventas
1256;NYLONNEGRO;PRO-NYLON PARA EL BORDADO (1,6m) NEGRO;1;0.0;CONSERVAR - tiene historial ventas
1226;GB134R-90;AGUJAS 134R-90;1;0.0;CONSERVAR - tiene historial ventas
1149;ESP4R;ESPUMA4ROJA;1;0.0;CONSERVAR - tiene historial ventas
2144;HCS04012;TAPA GARFIO/CUBRESPIRAL HAPPY HCS3;1;0.0;CONSERVAR - tiene historial ventas
2122;SAAA03006;TORNILLO CUCHILLA FIJA y RETENEDOR GARFIO HAPPY HCD/HCR Y OTROS;1;0.0;CONSERVAR - tiene historial ventas
2874;MM244C;TIJERAS MM CURVA 11CM;1;0.0;CONSERVAR - tiene historial ventas
3341;;PICAJE ALL YOURS;1;0.0;CONSERVAR - tiene historial ventas
3343;;conos varios;1;0.0;CONSERVAR - tiene historial ventas
3352;;POLY1761;1;0.0;CONSERVAR - tiene historial ventas
3353;;ORO 4007;1;0.0;CONSERVAR - tiene historial ventas
3354;;PLATA 4011;1;0.0;CONSERVAR - tiene historial ventas
3355;;POLY1767;1;0.0;CONSERVAR - tiene historial ventas
3345;LTB1878;LTB1878;1;0.0;CONSERVAR - tiene historial ventas
2527;HCS04A20;CUCHILLA MOVIL HAPPY HCS3;1;0.0;CONSERVAR - tiene historial ventas
3312;LTB1709;COLOR 1709;1;0.0;CONSERVAR - tiene historial ventas
3360;;COLOR 1843;1;0.0;CONSERVAR - tiene historial ventas
3346;LTB1902;LTB1902;1;0.0;CONSERVAR - tiene historial ventas
3359;LTB1843;LTB1843;1;0.0;CONSERVAR - tiene historial ventas
3366;;AGUJAS 134S-80;1;0.0;CONSERVAR - tiene historial ventas
3358;;PICAJE GLO&BEAUTY;1;0.0;CONSERVAR - tiene historial ventas
988;GBDBXK5-70RG;AGUJA DBXK5 70RG;1;0.0;CONSERVAR - tiene historial ventas
3365;[GBB27-100RG];AGUJAS B27-100RG;1;0.0;CONSERVAR - tiene historial ventas
3363;[GBB27-90RG];AGUJAS B27-90RG;1;0.0;CONSERVAR - tiene historial ventas
1463;GB134D-80;AGUJAS 134D-80;1;0.0;CONSERVAR - tiene historial ventas
3380;GB134-35LR-140;AGUJAS 134-35LR-140;1;0.0;CONSERVAR - tiene historial ventas
3374;;CORREA REDUCTORA X ZSK;1;0.0;CONSERVAR - tiene historial ventas
3375;;CORREA PATIN X ZSK;1;0.0;CONSERVAR - tiene historial ventas
3381;;SOLENOIDE PICKER TAJIMA TMFX5;1;0.0;CONSERVAR - tiene historial ventas
3382;;PORTES DHL;1;0.0;CONSERVAR - tiene historial ventas
3386;;LTB1673;1;0.0;CONSERVAR - tiene historial ventas
3369;;PORTS CTT;1;0.0;CONSERVAR - tiene historial ventas
3379;GB134-35LR-130;AGUJAS 134-35LR-130;1;0.0;CONSERVAR - tiene historial ventas
3378;;ENCODER MAQUINA DE TOLDOS TENDAL;1;0.0;CONSERVAR - tiene historial ventas
3383;;LTB1988;1;0.0;CONSERVAR - tiene historial ventas
3384;;LTB1918;1;0.0;CONSERVAR - tiene historial ventas
3313;LTB1725;COLOR 1725;1;0.0;CONSERVAR - tiene historial ventas
3396;PEX(12+6)(1+1);PEX (12+6)(1+1);1;0.0;CONSERVAR - tiene historial ventas
3368;PEC-1201;SINSIM PEC-1201;1;0.0;CONSERVAR - tiene historial ventas
3395;;HILO LTB;1;0.0;CONSERVAR - tiene historial ventas
2942;HCT-1504;MAQUINA DE BORDAR MULTICABEZAL AVANZADA DE CUATRO CABEZALES. HCT-1504;1;0.0;CONSERVAR - tiene historial ventas
1259;BASE70BLA(50CM);ENTRETELA BASE 70 BLANCA, 250X50cm.;1;0.0;CONSERVAR - tiene historial ventas
3404;GB134-35R-120;AGUJAS 134-35R-120;1;0.0;CONSERVAR - tiene historial ventas
1336;GB134R-60;AGUJAS 134R-60;1;0.0;CONSERVAR - tiene historial ventas
3264;PEC-Y240-1201;SINSIM PEC-Y240-1201;1;0.0;CONSERVAR - tiene historial ventas
3398;;Accesorios;1;0.0;CONSERVAR - tiene historial ventas
3401;;KIT INICIO BORDADO;1;0.0;CONSERVAR - tiene historial ventas
3402;;MÁQUINA DURKOPP ADLER 888-160122M;1;0.0;CONSERVAR - tiene historial ventas
479;HISOL-25 (20CMX100M);PLÁSTICO HIDROSOLUBLE 25 µm;1;0.0;CONSERVAR - tiene historial ventas
3407;RICOMA CHT 1202;RICOMA CHT 1202;1;0.0;CONSERVAR - tiene historial ventas
3414;;CADENA CINTA ARRASTRE;1;0.0;CONSERVAR - tiene historial ventas
1160;MPZ00550;CANILLA METALICA BORDADO;1;0.0;CONSERVAR - tiene historial ventas
3425;S080 094094; BOBINA DEL ABREDISCOS DE LA DK 524 ;1;0.0;CONSERVAR - tiene historial ventas
3426;0688 160474;MANDO PUNTADA DK 867;1;0.0;CONSERVAR - tiene historial ventas
3429;0688 100060;TAPA COLUMNA DK 888;1;0.0;CONSERVAR - tiene historial ventas
3434;JACK JK -E4S-5-03/233;JACK JK -E4S-5-03/233;1;0.0;CONSERVAR - tiene historial ventas
