odoo_id;sku;nombre;odoo_list_price;wc_regular_price;neto_esperado;status;delta_actual_vs_esperado;wc_id
498;P-56051;FISPOLY40, P-56051;4.5;5.45;4.5;OK_NETO;0.0;8006
497;P-50123;FISPOLY40, P-50123;4.5;5.45;4.5;OK_NETO;0.0;8004
496;P-40135;FISPOLY40, P-40135;4.5;5.45;4.5;OK_NETO;0.0;8002
495;P-40116;FISPOLY40, P-40116;4.5;5.45;4.5;OK_NETO;0.0;8000
494;P-40104;FISPOLY40, P-40104;4.5;5.45;4.5;OK_NETO;0.0;7998
493;P-36703;FISPOLY40, P-36703;4.5;5.45;4.5;OK_NETO;0.0;7996
492;P-36640;FISPOLY40, P-36640;4.5;5.45;4.5;OK_NETO;0.0;7994
491;P-26793;FISPOLY40, P-26793;4.5;5.45;4.5;OK_NETO;0.0;7992
490;P-10200;FISPOLY40, P-10200;4.5;5.45;4.5;OK_NETO;0.0;7990
489;P-80113;FISPOLY40, P-80113;4.5;5.45;4.5;OK_NETO;0.0;7988
486;PULITEX;PULITEX SPRAY 3 FUNCIONES;5.0;6.05;5.0;OK_NETO;0.0;7984
485;DETER 100;DETER 100 LIMPIADOR MAQUINARIA;4.75;5.75;4.75;OK_NETO;0.0;7982
3241;PULIMAK 1;PULIMAK 1 LIMPIADOR DE TEJIDOS;5.24;6.05;5.0;OTRO;0.24;7980
1718;HP482590;RODAMIENTO CON GOMA AJUSTE PANTÓGRAFO BARUDAN.;20.5;24.81;20.5;OK_NETO;0.0;392499
484;SILICONE EXTRA;SILICONE EXTRA SILICONA;4.45;5.39;4.45;OK_NETO;0.0;7978
483;TAKTER 800;TAKTER 800 ADHESIVO;6.5;7.87;6.5;OK_NETO;0.0;7976
3482;887-160122-M;MÁQUINA BASE PLANA DÜRKOPP ADLER MODELO 887-160122-M;0.0;0.0;;WC_PRECIO_CERO;;346888
1579;TJ9850;TIJERAS FISKARS GRANDES 21CM, PARA ZURDOS.;21.71;26.27;21.71;OK_NETO;0.0;346647
482;TAKTER 650;TAKTER 650 ADHESIVO SPRAY 500ML;5.5;6.65;5.5;OK_NETO;0.0;7974
1127;FRA41080;TORNILLO ARO BASTIDOR  HAPPY L=29 MM.;4.8;5.81;4.8;OK_NETO;0.0;329545
481;SILVASS;SILVASS;6.5;;;NO_EN_WC;;
1126;FRA41070;TORNILLO ARO BASTIDOR  HAPPY L=25mm;4.37;5.57;4.6;OTRO;-0.23;329543
478;BASE50BLANCA;ENTRETELA BLANCA BASE 50;85.0;102.85;85.0;OK_NETO;0.0;7966
3484;BASE70BLANCA;ENTRETELA BASE 70 BLANCA;125.4;125.4;103.64;MAL_COPIADO_BRUTO;21.76;7964
476;BASE100BLANCA;ENTRETELA BLANCA BASE 100;151.25;183.013;151.25;OK_NETO;0.0;7962
475;TS20100;ENTRETELA VISCOSA SUAVE, 100 GRAMOS;135.0;133.1;110.0;OTRO;25.0;7960
474;TS2080;ENTRETELA VISCOSA SUAVE, 80 GRAMOS;168.0;203.28;168.0;OK_NETO;0.0;7958
3486;TS2055;ENTRETELA BLANCA DE VISCOSA SUAVE, 55 GRAMOS;156.09;156.09;129.0;MAL_COPIADO_BRUTO;27.09;7956
472;TS2025;ENTRETELA VISCOSA SUAVE, 25 GRAMOS;55.0;66.55;55.0;OK_NETO;0.0;7954
3488;ENTRETELA 508RG;ENTRETELA PAPEL 60 GRAMOS;152.46;152.46;126.0;MAL_COPIADO_BRUTO;26.46;7952
1578;TJ9959;TIJERAS FISKARS MEDIANAs 17cm. NEGRAS.;21.68;26.23;21.68;OK_NETO;0.0;90256
470;ENTRETELA 504RG;ENTRETELA PAPEL 36 GRAMOS;95.0;96.8;80.0;OTRO;15.0;7950
1224;TJ9881;TIJERAS FISKARS BORDADO 13 CM.;17.72;21.43;17.71;OK_NETO;0.0;90220
469;ENTRETELA 506RG;ENTRETELA PAPEL 50 GRAMOS;109.0;131.89;109.0;OK_NETO;0.0;7948
1223;TJ9808;TIJERAS FISKARS BORDADO HOJA CURVA 10 CM.;19.69;23.82;19.69;OK_NETO;0.0;90218
468;DC-E4;SOFTWARE WILCOM DECORATING e4;1899.0;2297.79;1899.0;OK_NETO;0.0;7947
1222;TJ9853;TIJERAS FISKARS GRANDES 21CM, PARA DIESTROS.;21.71;26.27;21.71;OK_NETO;0.0;90216
1221;TJ9859;TIJERAS FISKARS MEDIANAs 17cm. NAR.;21.68;26.23;21.68;OK_NETO;0.0;90214
467;ESD-E4;Software Wilcom EmbROIDERY Studio e4 Designing;3699.0;4475.79;3699.0;OK_NETO;0.0;7945
1220;K5165;TIJERAS KAI N5165 165MM;15.0;16.34;13.5;OTRO;1.5;90212
529;P-20148;FISPOLY40, P-20148;4.5;5.45;4.5;OK_NETO;0.0;8067
1219;11-TC-100MET;TIJERAS CORTAHILOS DE MANO METALICAS;4.5;5.445;4.5;OK_NETO;0.0;90210
528;P-16934;FISPOLY40, P-16934;4.5;5.45;4.5;OK_NETO;0.0;8065
1218;TJ9807;TIJERAS FISKARS BORDADO hoja recta 10cm;19.08;21.92;18.12;OTRO;0.96;90208
3490;P-SIYAH (NEGRO);FISPOLY40, SIYAH (NEGRO);4.5;5.45;4.5;OK_NETO;0.0;8063
980;HCU-1401-40;"HCU-1401-40W - Máquina de bordar de 1 cabezal y 14 agujas. - Prensatelas con regulación electrónica de altura y ajuste automático de el espesor del genero. -Marcador láser en cruz 100% preciso, un campo de trabajo de 400X600 tanto en tubular como en plano. - Campo ampliable a 400X1200. - Pantalla táctil de 7"".  - Auto reparación automática de todos lo errores. - Conexión WIFI y LAN. - Iluminación LED sobre el área de bordado. - Velocidad de 1500 r.p.m. Incluye, 4 juegos de bastidores tubulares, bancada y accesorios, kit bastidor de gorras (80X360).";15500.0;0.0;;WC_PRECIO_CERO;;78701
526;P-90104;FISPOLY40, P-90104;4.5;5.45;4.5;OK_NETO;0.0;8061
442;HCD3e-1501-40W;HCD3e-1501-40W;13500.0;0.0;;WC_PRECIO_CERO;;78520
525;P-70155;FISPOLY40, P-70155;4.5;5.45;4.5;OK_NETO;0.0;8059
438;HCS2-1201-30W;HAPPY HCS2-1201-30;9300.0;0.0;;WC_PRECIO_CERO;;78518
1551;ST1512;BASTIDOR RECTANGULAR DE 15X12 CM.;29.9;36.18;29.9;OK_NETO;0.0;78511
524;P-70102;FISPOLY40, P-70102;4.5;5.45;4.5;OK_NETO;0.0;8057
435;HCHplus-701-30;HAPPY HCHplus-701-30;8500.0;0.0;;WC_PRECIO_CERO;;78294
523;P-70101;FISPOLY40, P-70101;4.5;5.45;4.5;OK_NETO;0.0;8055
1525;TRANSC-H-140;ENCONADORA, TRANSCONADORA;250.0;0.0;;WC_PRECIO_CERO;;14582
522;P-60120;FISPOLY40, P-60120;4.5;5.45;4.5;OK_NETO;0.0;8053
1523;ESE-E4;SOFTWARE WILCOM EDITTING e4;1199.0;1450.79;1199.0;OK_NETO;0.0;9903
521;P-56065;FISPOLY40, P-56065;4.5;5.45;4.5;OK_NETO;0.0;8051
1522;ESL-E4;SOFTWARE WILCOM LETTERING e4;899.0;1087.79;899.0;OK_NETO;0.0;9902
520;P-50153;FISPOLY40, P-50153;4.5;5.45;4.5;OK_NETO;0.0;8049
1493;HCD13A30;LUZ HAPPY HCD2/HCD3/HCR2/HCR3;80.0;94.38;78.0;OTRO;2.0;8379
519;P-50142;FISPOLY40, P-50142;4.5;5.45;4.5;OK_NETO;0.0;8047
1437;DTM-BF;REGULADOR DIGITAL DE TENSIÓN TOWA;125.5;151.86;125.5;OK_NETO;0.0;8378
518;P-46896;FISPOLY40, P-46896;4.5;5.45;4.5;OK_NETO;0.0;8045
1425;ACEITE LB5;ACEITE LB5 300 ML.;5.11;6.18;5.11;OK_NETO;0.0;8377
517;P-46891;FISPOLY40, P-46891;4.5;5.45;4.5;OK_NETO;0.0;8043
3495;;AGUJAS 134R 10 uds;0.0;;;SIN_SKU;;
516;P-46887;FISPOLY40, P-46887;4.5;5.45;4.5;OK_NETO;0.0;8041
515;P-46498;FISPOLY40, P-46498;4.5;5.45;4.5;OK_NETO;0.0;8039
514;P-46487;FISPOLY40, P-46487;4.5;5.45;4.5;OK_NETO;0.0;8037
513;P-36701;FISPOLY40, P-36701;4.5;5.45;4.5;OK_NETO;0.0;8035
512;P-30176;FISPOLY40, P-30176;4.5;5.45;4.5;OK_NETO;0.0;8033
511;P-30112;FISPOLY40, P-30112;4.5;5.45;4.5;OK_NETO;0.0;8031
3498;SPRAY LIMPIADOR GRANDE;DK5 SPRAY LIMPIADOR 500ML;6.66;6.66;5.5;MAL_COPIADO_BRUTO;1.16;8371
510;P-30111;FISPOLY40, P-30111;4.5;5.45;4.5;OK_NETO;0.0;8029
3501;ISAMET 2943-0490;HILO METÁLICO ISAMET ORO 0490;23.51;28.447;23.51;OK_NETO;0.0;1189926
509;P-30100;FISPOLY40, P-30100;4.5;5.45;4.5;OK_NETO;0.0;8027
508;P-26788;FISPOLY40, P-26788;4.5;5.45;4.5;OK_NETO;0.0;8025
2369;HILOCANILLA;HILO CANILLA 125000M;65.0;78.65;65.0;OK_NETO;0.0;1189889
507;P-10102;FISPOLY40, P-10102;4.5;5.45;4.5;OK_NETO;0.0;8023
3506;P-BEYAZ (BLANCO);FISPOLY40, BEYAZ (BLANCO);5.45;5.45;4.5;MAL_COPIADO_BRUTO;0.95;8021
504;P-80103;FISPOLY40, P-80103;4.5;5.45;4.5;OK_NETO;0.0;8018
503;P-70164;FISPOLY40, P-70164;4.5;5.45;4.5;OK_NETO;0.0;8016
3507;70WL;ENTRETELA BASE DE ARRANCAR, 70 GRAMOS;77.0;93.17;77.0;OK_NETO;0.0;1189786
3508;105WL;ENTRETELA BASE DE ARRANCAR, 105 GRAMOS;168.8;168.795;139.5;MAL_COPIADO_BRUTO;29.3;1189784
502;P-70154;FISPOLY40, P-70154;4.5;5.45;4.5;OK_NETO;0.0;8014
501;P-70153;FISPOLY40, P-70153;4.5;5.45;4.5;OK_NETO;0.0;8012
2221;GS3V;LECTOR USB PARA TODAS LAS MARCAS DE MAQUINAS DE BORDAR;900.0;0.0;;WC_PRECIO_CERO;;1169299
500;P-70107;FISPOLY40, P-70107;4.5;5.45;4.5;OK_NETO;0.0;8010
2064;TS2055NEGRA;ENTRETELA NEGRA DE VISCOSA SUAVE, 55 GRAMOS;140.0;169.4;140.0;OK_NETO;0.0;1144927
499;P-56404;FISPOLY40, P-56404;4.5;5.45;4.5;OK_NETO;0.0;8008
605;P-56053;FISPOLY40, P-56053;4.5;5.45;4.5;OK_NETO;0.0;8172
1923;FRA40013;SET TORNILLO AJUSTE PARA BASTIDOR CUADRADO HAPPY;4.25;5.14;4.25;OK_NETO;0.0;1124957
603;P-56046;FISPOLY40, P-56046;4.5;5.45;4.5;OK_NETO;0.0;8169
1912;FRA40542;BASTIDOR HAPPYJAPAN DE MADERA 42x44 CM.;170.0;205.7;170.0;OK_NETO;0.0;1124954
599;P-80134;FISPOLY40, P-80134;4.5;5.45;4.5;OK_NETO;0.0;8164
1422;TECH 12;BASTIDOR TUBULAR TECH 12CM TIPO HAPPY;27.0;32.67;27.0;OK_NETO;0.0;1104075
597;P-80120;FISPOLY40, P-80120;4.5;5.45;4.5;OK_NETO;0.0;8161
1884;FRA48020;ONE-POINT FRAME (LARGE);295.0;356.95;295.0;OK_NETO;0.0;1101581
595;P-80133;FISPOLY40, P-80133;4.5;5.45;4.5;OK_NETO;0.0;8158
2038;HCD79161;VENTILADOR HAPPY HCD2;33.0;39.93;33.0;OK_NETO;0.0;974879
584;P-80147;FISPOLY40, P-80147;4.5;5.45;4.5;OK_NETO;0.0;8146
1955;HCS3-1201-40;HAPPY HCS3-1201-40;9500.0;0.0;;WC_PRECIO_CERO;;916176
578;P-40136;FISPOLY40, P-40136;4.5;5.45;4.5;OK_NETO;0.0;8139
571;P-56402;FISPOLY40, P-56402;4.5;5.45;4.5;OK_NETO;0.0;8129
1374;HSA04031;CAJA BOBINA ORIGINAL HAPPY PARA CANILLA PREBOBINADA;12.0;14.52;12.0;OK_NETO;0.0;887211
1295;HSA04021;CAJA BOBINA ORIGINAL HAPPY;12.0;14.52;12.0;OK_NETO;0.0;887206
569;P-46499;FISPOLY40, P-46499;4.5;5.45;4.5;OK_NETO;0.0;8126
1949;FRA21D00;BASTIDOR PINZAS HAPPY HCH+, HCS2. PARA CALZADO, BOTAS, ETC.;495.0;598.95;495.0;OK_NETO;0.0;671502
567;P-56413;FISPOLY40, P-56413;4.5;5.45;4.5;OK_NETO;0.0;8123
1614;FRA21D10;BASTIDOR PINZAS HAPPY HCD2, HCD3. PARA CALZADO, BOTAS, ETC.;495.0;598.95;495.0;OK_NETO;0.0;622618
566;P-56405;FISPOLY40, P-56405;4.5;5.45;4.5;OK_NETO;0.0;8121
1921;EMBROIDERYERASER;BORRADOR DE BORDADOS;95.0;114.95;95.0;OK_NETO;0.0;621844
565;P-5644;FISPOLY40, P-5644;4.5;5.45;4.5;OK_NETO;0.0;8119
564;P-20130;FISPOLY40, P-20130;4.57;5.53;4.57;OK_NETO;0.0;8117
1332;CAUT13102;MÁQUINA BOBINADORA DE CANILLAS AUTOMÁTICA. (CANILLERO);110.0;0.0;;WC_PRECIO_CERO;;465289
1875;FRA48160;BASTIDOR-ONE POINT (EXTRA LARGE) MANGAS Y PERNERAS ORIGINAL HAPPY;264.2;319.68;264.2;OK_NETO;0.0;420503
555;P-26797;FISPOLY40, P-26797;4.5;5.45;4.5;OK_NETO;0.0;8107
1874;FRA48010;ONE-POINT FRAME (SMALL);249.0;301.29;249.0;OK_NETO;0.0;420502
554;P-20120;FISPOLY40, P-20120;4.5;5.45;4.5;OK_NETO;0.0;8105
553;P-10153;FISPOLY40, P-10153;4.5;5.45;4.5;OK_NETO;0.0;8103
1729;HMK-001;KIT FIJACIÓN ECO BASTIDORES MAGNÉTICOS.;716.84;867.38;716.84;OK_NETO;0.0;394729
549;P-20126;FISPOLY40, P-20126;4.5;5.45;4.5;OK_NETO;0.0;8098
548;P-10157;FISPOLY40, P-10157;4.5;5.45;4.5;OK_NETO;0.0;8097
547;P-50134;FISPOLY40, P-50134;4.5;5.45;4.5;OK_NETO;0.0;8095
546;P-10116;FISPOLY40, P-10116;4.5;5.45;4.5;OK_NETO;0.0;8093
718;P-10135;FISPOLY40, P-10135;4.5;5.45;4.5;OK_NETO;0.0;1191159
544;P-10103;FISPOLY40, P-10103;4.5;5.45;4.5;OK_NETO;0.0;8091
717;P-10300;FISPOLY40, P-10300;4.5;5.45;4.5;OK_NETO;0.0;1191157
538;P-10105;FISPOLY40, P-10105;4.5;5.45;4.5;OK_NETO;0.0;8085
537;P-40112;FISPOLY40, P-40112;4.5;5.45;4.5;OK_NETO;0.0;8083
1595;ENTRETELASOLUBLE;ENTRETETELA HIDROSOLUBLE  40g (1m x 100m) ROLLO;139.0;164.56;136.0;OTRO;3.0;1191118
536;P-30147;FISPOLY40, P-30147;4.5;5.45;4.5;OK_NETO;0.0;8081
3515;;MÁQUINA DE BORDAR ZSK SPRINT 7;0.0;;;SIN_SKU;;
535;P-70100;FISPOLY40, P-70100;4.5;5.45;4.5;OK_NETO;0.0;8079
534;P-70140;FISPOLY40, P-70140;4.5;5.45;4.5;OK_NETO;0.0;8077
533;P-66409;FISPOLY40, P-66409;4.5;5.45;4.5;OK_NETO;0.0;8075
532;P-40109;FISPOLY40, P-40109;4.5;5.45;4.5;OK_NETO;0.0;8073
531;P-30183;FISPOLY40, P-30183;4.5;5.45;4.5;OK_NETO;0.0;8071
2969;HYGAPE100;HILO DE CANILLA (GRUESO)10.000MTS Nº100;11.0;13.31;11.0;OK_NETO;0.0;1191053
530;P-30116;FISPOLY40, P-30116;4.5;5.45;4.5;OK_NETO;0.0;8069
3479;;CANILLA METALICA BORDADO HAPPY;3.27;;;SIN_SKU;;
696;P-80116;FISPOLY40, P-80116;4.5;5.45;4.5;OK_NETO;0.0;8251
694;P-70147;FISPOLY40, P-70147;4.5;5.45;4.5;OK_NETO;0.0;8249
692;P-70120;FISPOLY40, P-70120;4.5;5.45;4.5;OK_NETO;0.0;8247
691;P-80121;FISPOLY40, P-80121;4.5;5.45;4.5;OK_NETO;0.0;8245
3480;;BASTIDOR POINT (EXTRA LARGE) MANGAS Y PERNERAS ORIGINAL HAPPY;319.68;;;SIN_SKU;;
689;P-80132;FISPOLY40, P-80132;4.5;5.45;4.5;OK_NETO;0.0;8243
3481;;BASTIDOR DE PINZAS LARGAS BOLSOS/SIDE PARA HCH/HCS3;598.95;;;SIN_SKU;;
688;P-70146;FISPOLY40, P-70146;4.5;5.45;4.5;OK_NETO;0.0;8241
3483;;BASTIDOR DE PINZAS LARGAS BOLSOS/SIDE PARA HCD2/D3/D3e;598.95;;;SIN_SKU;;
3011;MM228;TIJERAS MM 21,5 MM;21.71;26.27;21.71;OK_NETO;0.0;1190319
687;P-80118;FISPOLY40, P-80118;4.5;5.45;4.5;OK_NETO;0.0;8239
3010;MM245;TIJERAS MM 13,5 CM;17.72;21.44;17.72;OK_NETO;0.0;1190315
672;P-36634;FISPOLY40, P-36634;4.5;5.45;4.5;OK_NETO;0.0;8230
2877;MM227;TIJERAS MM 19CM;21.71;26.269;21.71;OK_NETO;0.0;1190142
670;P-70104;FISPOLY40, P-70104;4.5;5.45;4.5;OK_NETO;0.0;8227
2876;MM246;TIJERAS MM 15,5CM;21.68;26.233;21.68;OK_NETO;0.0;1190139
668;P-70159;FISPOLY40, P-70159;4.5;5.45;4.5;OK_NETO;0.0;8224
3485;244C;TIJERAS MILLEMETRI CURVA 11CM;23.83;23.825;19.69;MAL_COPIADO_BRUTO;4.14;1190133
2875;MM244;TIJERAS MM RECTA 11CM;19.69;23.825;19.69;OK_NETO;0.0;1190130
665;P-70142;FISPOLY40, P-70142;4.5;5.45;4.5;OK_NETO;0.0;8220
3487;ST-M0905;"MIGHTYHOOP 8,7 X 4,9"" ECO";211.75;211.75;175.0;MAL_COPIADO_BRUTO;36.75;1190084
663;P-70134;FISPOLY40, P-70134;4.5;5.45;4.5;OK_NETO;0.0;8217
2936;P-10362;FISPOLY40, P-10362;4.5;5.445;4.5;OK_NETO;0.0;1190019
658;P-70160;FISPOLY40, P-70160;4.5;5.45;4.5;OK_NETO;0.0;8212
657;P-70136;FISPOLY40, P-70136;4.5;5.45;4.5;OK_NETO;0.0;8210
3489;HOT MELT FILM PA100 (100MICRONES);HOT MELT (FILM TERMOADHESIVO);8.13;8.13;6.72;MAL_COPIADO_BRUTO;1.41;1189974
654;P-70113;FISPOLY40, P-70113;4.5;5.45;4.5;OK_NETO;0.0;8208
2872;TIJBLA;TIJERAS 10 CM CURVAS PARA EL BORDADO;8.0;9.68;8.0;OK_NETO;0.0;1189968
652;P-70267;FISPOLY40, P-70267;4.5;5.45;4.5;OK_NETO;0.0;8206
651;P-46600;FISPOLY40, P-46600;4.5;5.45;4.5;OK_NETO;0.0;8204
643;P-50136;FISPOLY40, P-50136;4.5;5.45;4.5;OK_NETO;0.0;8202
640;P-50149;FISPOLY40, P-50149;4.5;5.45;4.5;OK_NETO;0.0;8200
639;P-50158;FISPOLY40, P-50158;4.5;5.45;4.5;OK_NETO;0.0;8198
637;P-50106;FISPOLY40, P-50106;4.5;5.45;4.5;OK_NETO;0.0;8196
636;P-56047;FISPOLY40, P-56047;4.5;5.45;4.5;OK_NETO;0.0;8194
3491;ISAMET 2943-0511;HILO METÁLICO ISAMET PLATA 0511;23.51;28.447;23.51;OK_NETO;0.0;1189936
635;P-20114;FISPOLY40, P-20114;4.5;5.45;4.5;OK_NETO;0.0;8192
3492;ISAMET 2943-0501;HILO METÁLICO ISAMET PLATA 0501;23.51;28.447;23.51;OK_NETO;0.0;1189934
628;P-60125;FISPOLY40, P-60125;4.5;5.45;4.5;OK_NETO;0.0;8190
3493;ISAMET 2943-0493;HILO METÁLICO ISAMET ORO 0493;23.51;28.447;23.51;OK_NETO;0.0;1189932
3494;ISAMET 2943-0491;HILO METÁLICO ISAMET ORO 0491;23.51;28.447;23.51;OK_NETO;0.0;1189929
622;P-60138;FISPOLY40, P-60138;4.5;5.45;4.5;OK_NETO;0.0;8188
736;P-20104;FISPOLY40, P-20104;4.5;5.45;4.5;OK_NETO;0.0;1191577
620;P-50279;FISPOLY40, P-50279;4.5;5.45;4.5;OK_NETO;0.0;8186
539;P-50103;FISPOLY40, P-50103;4.5;5.45;4.5;OK_NETO;0.0;1191529
613;P-56038;FISPOLY40, P-56038;4.5;5.45;4.5;OK_NETO;0.0;8184
735;P-10117;FISPOLY40, P-10117;4.5;5.45;4.5;OK_NETO;0.0;1191528
611;P-10154;FISPOLY40, P-10154;4.5;5.45;4.5;OK_NETO;0.0;8181
734;P-26796;FISPOLY40, P-26796;4.5;5.45;4.5;OK_NETO;0.0;1191527
608;P-56037;FISPOLY40, P-56037;4.5;5.45;4.5;OK_NETO;0.0;8177
733;P-26787;FISPOLY40, P-26787;4.5;5.45;4.5;OK_NETO;0.0;1191526
606;P-10144;FISPOLY40, P-10144;4.5;5.45;4.5;OK_NETO;0.0;8174
732;P-26783;FISPOLY40, P-26783;4.5;5.45;4.5;OK_NETO;0.0;1191525
540;P-10111;FISPOLY40, P-10111;4.5;5.45;4.5;OK_NETO;0.0;1191524
1262;KITBASCAL;KIT COMPLETO BASTIDOR CALCETINES HAPPY;485.0;586.85;485.0;OK_NETO;0.0;8368
545;P-36706;FISPOLY40, P-36706;4.5;5.45;4.5;OK_NETO;0.0;1191523
3496;;AGUJAS 135X17-R 10 uds;0.0;;;SIN_SKU;;
3497;LTB-1980;COLOR 1980;4.54;4.54;3.75;MAL_COPIADO_BRUTO;0.79;1191497
3499;LTB-1624;COLOR 1624;4.54;4.54;3.75;MAL_COPIADO_BRUTO;0.79;1191495
3500;LTB-1800;COLOR 1800 (NEGRO);4.54;4.54;3.75;MAL_COPIADO_BRUTO;0.79;1191494
3502;LTB-1765;COLOR 1765;4.54;4.54;3.75;MAL_COPIADO_BRUTO;0.79;1191493
3503;LTB-1801;COLOR 1801 (BLANCO);4.54;4.54;3.75;MAL_COPIADO_BRUTO;0.79;1191492
3504;LTB-1838;COLOR 1838;4.54;4.54;3.75;MAL_COPIADO_BRUTO;0.79;1191395
731;P-10122;FISPOLY40, P-10122;4.5;5.45;4.5;OK_NETO;0.0;1191190
3505;;AGUJAS DBXK5 RG GEBEDUR san1 10 uds;0.0;;;SIN_SKU;;
730;P-10109;FISPOLY40, P-10109;4.5;5.45;4.5;OK_NETO;0.0;1191188
729;P-36700;FISPOLY40, P-36700;4.5;5.45;4.5;OK_NETO;0.0;1191187
1217;ACEITEC;ACEITE LIQUIDO,1L.;5.5;6.66;5.5;OK_NETO;0.0;8357
728;P-26790;FISPOLY40, P-26790;4.5;5.45;4.5;OK_NETO;0.0;1191186
1191;LUBRIBORD;ACEITE EN SPRAY LUBRIBORD 400 ml;6.5;7.87;6.5;OK_NETO;0.0;8355
723;P-10106;FISPOLY40, P-10106;4.5;5.45;4.5;OK_NETO;0.0;1191185
1044;TSVELLUTEX48X68G;VELLUTEX GRIS;10.95;13.25;10.95;OK_NETO;0.0;8350
727;P-26794;FISPOLY40, P-26794;4.5;5.45;4.5;OK_NETO;0.0;1191171
726;P-10101;FISPOLY40, P-10101;4.5;5.45;4.5;OK_NETO;0.0;1191170
543;P-10108;FISPOLY40, P-10108;4.5;5.45;4.5;OK_NETO;0.0;1191169
3509;MERROW MG-3U VELCRO;MERROW MG-3U VELCRO;0.0;0.0;;WC_PRECIO_CERO;;8336
725;P-10100;FISPOLY40, P-10100;4.5;5.45;4.5;OK_NETO;0.0;1191168
3510;MERROW MG-3U;MERROW MG-3U;0.0;0.0;;WC_PRECIO_CERO;;8335
3511;;AGUJA DBXK5 RG 10 uds;0.0;;;SIN_SKU;;
724;P-36705;FISPOLY40, P-36705;4.5;5.45;4.5;OK_NETO;0.0;1191167
542;P-26789;FISPOLY40, P-26789;4.5;5.45;4.5;OK_NETO;0.0;1191165
722;P-10113;FISPOLY40, P-10113;4.5;5.45;4.5;OK_NETO;0.0;1191164
721;P-10114;FISPOLY40, P-10114;4.5;5.45;4.5;OK_NETO;0.0;1191163
541;P-10121;FISPOLY40, P-10121;4.5;5.45;4.5;OK_NETO;0.0;1191162
985;FRA40093;BASTIDOR HAPPYJAPAN DE 32X32 CM.;70.0;84.7;70.0;OK_NETO;0.0;8318
720;P-10142;FISPOLY40, P-10142;4.5;5.45;4.5;OK_NETO;0.0;1191161
978;MH 7,25;MIGHTY HOOP 7,25;167.0;202.07;167.0;OK_NETO;0.0;8316
719;P-50115;FISPOLY40, P-50115;4.5;5.45;4.5;OK_NETO;0.0;1191160
977;MH 6,5;MIGHTY HOOP 6,5;163.0;197.23;163.0;OK_NETO;0.0;8314
762;P-30126;FISPOLY40, P-30126;4.5;5.45;4.5;OK_NETO;0.0;1191609
976;MH 5,5;MIGHTY HOOP 5,5;155.0;187.55;155.0;OK_NETO;0.0;8312
761;P-30143;FISPOLY40, P-30143;4.5;5.45;4.5;OK_NETO;0.0;1191606
975;MH 4,25X13 SL;MIGHTY HOOP 4,25X13 SL;175.0;211.75;175.0;OK_NETO;0.0;8310
760;P-30107;FISPOLY40, P-30107;4.5;5.45;4.5;OK_NETO;0.0;1191605
974;MH 4,25X16;MIGHTY HOOP 4,25X16;198.25;239.41;197.86;OTRO;0.39;8308
759;P-66400;FISPOLY40, P-66400;4.5;5.45;4.5;OK_NETO;0.0;1191604
758;P-30140;FISPOLY40, P-30140;4.5;5.45;4.5;OK_NETO;0.0;1191603
973;MH 4,25;MIGHTY HOOP 4,25;148.0;179.08;148.0;OK_NETO;0.0;8306
757;P-30164;FISPOLY40, P-30164;4.5;5.45;4.5;OK_NETO;0.0;1191602
971;MH 4,25x13 H;MIGHTY HOOP 4,25 X 13;170.0;205.7;170.0;OK_NETO;0.0;8302
756;P-30117;FISPOLY40, P-30117;4.5;5.45;4.5;OK_NETO;0.0;1191601
3512;ST-M1113-H50;"MIGHTYHOOP 11 X 13&quot; ECO";211.75;211.75;175.0;MAL_COPIADO_BRUTO;36.75;8300
3513;ST-M1010-H36;"MIGHTYHOOP 10 X 10&quot; ECO";169.4;169.4;140.0;MAL_COPIADO_BRUTO;29.4;8298
755;P-30132;FISPOLY40, P-30132;4.5;5.45;4.5;OK_NETO;0.0;1191600
3514;ST-M0505-H36;"MIGHTYHOOP 5,5"" ECO";151.25;151.25;125.0;MAL_COPIADO_BRUTO;26.25;8296
754;P-46491;FISPOLY40, P-46491;4.5;5.45;4.5;OK_NETO;0.0;1191599
715;P-20150;FISPOLY40, P-20150;4.5;5.45;4.5;OK_NETO;0.0;8269
753;P-50131;FISPOLY40, P-50131;4.5;5.45;4.5;OK_NETO;0.0;1191598
713;P-70162;FISPOLY40, P-70162;4.5;5.45;4.5;OK_NETO;0.0;8267
752;P-20100;FISPOLY40, P-20100;4.5;5.45;4.5;OK_NETO;0.0;1191597
712;P-70163;FISPOLY40, P-70163;4.5;5.45;4.5;OK_NETO;0.0;8265
751;P-20125;FISPOLY40, P-20125;4.5;5.45;4.5;OK_NETO;0.0;1191596
708;P-90102;FISPOLY40, P-90102;4.5;5.45;4.5;OK_NETO;0.0;8263
750;P-26795;FISPOLY40, P-26795;4.5;5.45;4.5;OK_NETO;0.0;1191595
705;P-46890;FISPOLY40, P-46890;4.5;5.45;4.5;OK_NETO;0.0;8261
556;P-20102;FISPOLY40, P-20102;4.5;5.45;4.5;OK_NETO;0.0;1191594
704;P-60101;FISPOLY40, P-60101;4.5;5.45;4.5;OK_NETO;0.0;8259
749;P-36704;FISPOLY40, P-36704;4.5;5.45;4.5;OK_NETO;0.0;1191593
703;P-80143;FISPOLY40, P-80143;4.5;5.45;4.5;OK_NETO;0.0;8257
699;P-80108;FISPOLY40, P-80108;4.5;5.45;4.5;OK_NETO;0.0;8255
748;P-20107;FISPOLY40, P-20107;4.5;5.45;4.5;OK_NETO;0.0;1191592
697;P-80148;FISPOLY40, P-80148;4.5;5.45;4.5;OK_NETO;0.0;8253
747;P-20101;FISPOLY40, P-20101;4.5;5.45;4.5;OK_NETO;0.0;1191591
746;P-20111;FISPOLY40, P-20111;4.5;5.45;4.5;OK_NETO;0.0;1191590
745;P-30130;FISPOLY40, P-30130;4.5;5.45;4.5;OK_NETO;0.0;1191589
744;P-20124;FISPOLY40, P-20124;4.5;5.45;4.5;OK_NETO;0.0;1191588
743;P-10120;FISPOLY40, P-10120;4.5;5.45;4.5;OK_NETO;0.0;1191587
742;P-30146;FISPOLY40, P-30146;4.5;5.45;4.5;OK_NETO;0.0;1191586
741;P-26784;FISPOLY40, P-26784;4.5;5.45;4.5;OK_NETO;0.0;1191585
551;P-36702;FISPOLY40, P-36702;4.5;5.45;4.5;OK_NETO;0.0;1191584
740;P-26791;FISPOLY40, P-26791;4.5;5.45;4.5;OK_NETO;0.0;1191583
739;P-10104;FISPOLY40, P-10104;4.5;5.45;4.5;OK_NETO;0.0;1191582
552;P-20112;FISPOLY40, P-20112;4.5;5.45;4.5;OK_NETO;0.0;1191581
550;P-26798;FISPOLY40, P-26798;4.5;5.45;4.5;OK_NETO;0.0;1191580
738;P-20103;FISPOLY40, P-20103;4.5;5.45;4.5;OK_NETO;0.0;1191579
737;P-26799;FISPOLY40, P-26799;4.5;5.45;4.5;OK_NETO;0.0;1191578
785;P-30105;FISPOLY40, P-30105;4.5;5.45;4.5;OK_NETO;0.0;1191665
784;P-20105;FISPOLY40, P-20105;4.5;5.45;4.5;OK_NETO;0.0;1191664
783;P-56401;FISPOLY40, P-56401;4.5;5.45;4.5;OK_NETO;0.0;1191663
782;P-30121;FISPOLY40, P-30121;4.5;5.45;4.5;OK_NETO;0.0;1191662
781;P-30136;FISPOLY40, P-30136;4.5;5.45;4.5;OK_NETO;0.0;1191661
780;P-46489;FISPOLY40, P-46489;4.5;5.45;4.5;OK_NETO;0.0;1191660
779;P-30170;FISPOLY40, P-30170;4.5;5.45;4.5;OK_NETO;0.0;1191659
563;P-30131;FISPOLY40, P-30131;4.5;5.45;4.5;OK_NETO;0.0;1191658
778;P-30127;FISPOLY40, P-30127;4.5;5.45;4.5;OK_NETO;0.0;1191657
777;P-5643;FISPOLY40, P-5643;4.5;5.45;4.5;OK_NETO;0.0;1191656
776;P-66401;FISPOLY40, P-66401;4.5;5.45;4.5;OK_NETO;0.0;1191655
882;P-50118;FISPOLY40, P-50118;4.5;5.45;4.5;OK_NETO;0.0;1191815
775;P-56403;FISPOLY40, P-56403;4.5;5.45;4.5;OK_NETO;0.0;1191654
881;P-5609;FISPOLY40, P-5609;4.5;5.45;4.5;OK_NETO;0.0;1191814
774;P-30106;FISPOLY40, P-30106;4.5;5.45;4.5;OK_NETO;0.0;1191653
642;P-50107;FISPOLY40, P-50107;4.5;5.45;4.5;OK_NETO;0.0;1191813
562;P-30103;FISPOLY40, P-30103;4.5;5.45;4.5;OK_NETO;0.0;1191652
880;P-50129;FISPOLY40, P-50129;4.5;5.45;4.5;OK_NETO;0.0;1191812
773;P-30120;FISPOLY40, P-30120;4.5;5.45;4.5;OK_NETO;0.0;1191651
879;P-50133;FISPOLY40, P-50133;4.5;5.45;4.5;OK_NETO;0.0;1191811
772;P-30102;FISPOLY40, P-30102;4.5;5.45;4.5;OK_NETO;0.0;1191650
641;P-50132;FISPOLY40, P-50132;4.5;5.45;4.5;OK_NETO;0.0;1191810
771;P-30122;FISPOLY40, P-30122;4.5;5.45;4.5;OK_NETO;0.0;1191649
878;P-50165;FISPOLY40, P-50165;4.5;5.45;4.5;OK_NETO;0.0;1191809
561;P-30182;FISPOLY40, P-30182;4.5;5.45;4.5;OK_NETO;0.0;1191648
877;P-66002;FISPOLY40, P-66002;4.5;5.45;4.5;OK_NETO;0.0;1191808
770;P-66403;FISPOLY40, P-66403;4.5;5.45;4.5;OK_NETO;0.0;1191647
876;P-56416;FISPOLY40, P-56416;4.5;5.45;4.5;OK_NETO;0.0;1191807
981;P-46879;FISPOLY40,P-46879;4.5;5.45;4.5;OK_NETO;0.0;1191644
875;P-50154;FISPOLY40, P-50154;4.5;5.45;4.5;OK_NETO;0.0;1191806
769;P-46488;FISPOLY40, P-46488;4.5;5.45;4.5;OK_NETO;0.0;1191642
638;P-30135;FISPOLY40, P-30135;4.5;5.45;4.5;OK_NETO;0.0;1191805
768;P-30149;FISPOLY40, P-30149;4.5;5.45;4.5;OK_NETO;0.0;1191641
874;P-20108;FISPOLY40, P-20108;4.5;5.45;4.5;OK_NETO;0.0;1191804
560;P-30115;FISPOLY40, P-30115;4.5;5.45;4.5;OK_NETO;0.0;1191640
873;P-50121;FISPOLY40, P-50121;4.5;5.45;4.5;OK_NETO;0.0;1191803
767;P-30144;FISPOLY40, P-30144;4.5;5.45;4.5;OK_NETO;0.0;1191631
872;P-50150;FISPOLY40, P-50150;4.5;5.45;4.5;OK_NETO;0.0;1191802
766;P-30134;FISPOLY40, P-30134;4.5;5.45;4.5;OK_NETO;0.0;1191629
871;P-50117;FISPOLY40, P-50117;4.5;5.45;4.5;OK_NETO;0.0;1191801
765;P-40110;FISPOLY40, P-40110;4.5;5.45;4.5;OK_NETO;0.0;1191627
870;P-50119;FISPOLY40, P-50119;4.5;5.45;4.5;OK_NETO;0.0;1191800
558;P-30128;FISPOLY40, P-30128;4.5;5.45;4.5;OK_NETO;0.0;1191626
634;P-50143;FISPOLY40, P-50143;4.5;5.45;4.5;OK_NETO;0.0;1191799
764;P-66408;FISPOLY40, P-66408;4.5;5.45;4.5;OK_NETO;0.0;1191625
869;P-50156;FISPOLY40, P-50156;4.5;5.45;4.5;OK_NETO;0.0;1191798
763;P-56406;FISPOLY40, P-56406;4.5;5.45;4.5;OK_NETO;0.0;1191623
868;P-50159;FISPOLY40, P-50159;4.5;5.45;4.5;OK_NETO;0.0;1191797
557;P-30145;FISPOLY40, P-30145;4.5;5.45;4.5;OK_NETO;0.0;1191620
867;P-50148;FISPOLY40, P-50148;4.5;5.45;4.5;OK_NETO;0.0;1191796
576;P-46864;FISPOLY40, P-46864;4.5;5.45;4.5;OK_NETO;0.0;1191695
633;P-56060;FISPOLY40, P-56060;4.5;5.45;4.5;OK_NETO;0.0;1191795
2548;P-46870;FISPOLY40, P-46870;4.5;5.45;4.5;OK_NETO;0.0;1191694
866;P-60128;FISPOLY40, P-60128;4.5;5.45;4.5;OK_NETO;0.0;1191794
809;P-46895;FISPOLY40, P-46895;4.5;5.45;4.5;OK_NETO;0.0;1191693
632;P-50113;FISPOLY40, P-50113;4.5;5.45;4.5;OK_NETO;0.0;1191793
808;P-40111;FISPOLY40, P-40111;4.5;5.45;4.5;OK_NETO;0.0;1191692
865;P-60126;FISPOLY40, P-60126;4.5;5.45;4.5;OK_NETO;0.0;1191792
575;P-40115;FISPOLY40, P-40115;4.5;5.45;4.5;OK_NETO;0.0;1191691
630;P-50146;FISPOLY40, P-50146;4.5;5.45;4.5;OK_NETO;0.0;1191791
807;P-66402;FISPOLY40, P-66402;4.5;5.45;4.5;OK_NETO;0.0;1191690
864;P-10110;FISPOLY40, P-10110;4.5;5.45;4.5;OK_NETO;0.0;1191790
806;P-46871;FISPOLY40, P-46871;4.5;5.45;4.5;OK_NETO;0.0;1191689
863;P-50163;FISPOLY40, P-50163;4.5;5.45;4.5;OK_NETO;0.0;1191789
804;P-30139;FISPOLY40, P-30139;4.5;5.45;4.5;OK_NETO;0.0;1191688
629;P-50109;FISPOLY40, P-50109;4.5;5.45;4.5;OK_NETO;0.0;1191788
803;P-30165;FISPOLY40, P-30165;4.5;5.45;4.5;OK_NETO;0.0;1191687
802;P-50145;FISPOLY40, P-50145;4.5;5.45;4.5;OK_NETO;0.0;1191686
862;P-50162;FISPOLY40, P-50162;4.5;5.45;4.5;OK_NETO;0.0;1191787
801;P-56412;FISPOLY40, P-56412;4.5;5.45;4.5;OK_NETO;0.0;1191685
627;P-60111;FISPOLY40, P-60111;4.5;5.45;4.5;OK_NETO;0.0;1191786
574;P-56410;FISPOLY40, P-56410;4.5;5.45;4.5;OK_NETO;0.0;1191684
902;P-70131;FISPOLY40, P-70131;4.5;5.45;4.5;OK_NETO;0.0;1191845
800;P-30141;FISPOLY40, P-30141;4.5;5.45;4.5;OK_NETO;0.0;1191683
659;P-80126;FISPOLY40, P-80126;4.5;5.45;4.5;OK_NETO;0.0;1191844
799;P-66410;FISPOLY40, P-66410;4.5;5.45;4.5;OK_NETO;0.0;1191682
901;P-36647;FISPOLY40, P-36647;4.5;5.45;4.5;OK_NETO;0.0;1191843
572;P-56400;FISPOLY40, P-56400;4.5;5.45;4.5;OK_NETO;0.0;1191681
900;P-46602;FISPOLY40, P-46602;4.5;5.45;4.5;OK_NETO;0.0;1191842
656;P-36649;FISPOLY40, P-36649;4.5;5.45;4.5;OK_NETO;0.0;1191841
570;P-20106;FISPOLY40, P-20106;4.5;5.45;4.5;OK_NETO;0.0;1191680
798;P-56411;FISPOLY40, P-56411;4.5;5.45;4.5;OK_NETO;0.0;1191679
899;P-70106;FISPOLY40, P-70106;4.5;5.45;4.5;OK_NETO;0.0;1191840
797;P-30113;FISPOLY40, P-30113;4.5;5.45;4.5;OK_NETO;0.0;1191678
898;P-70125;FISPOLY40, P-70125;4.5;5.45;4.5;OK_NETO;0.0;1191839
796;P-30101;FISPOLY40, P-30101;4.5;5.45;4.5;OK_NETO;0.0;1191677
897;P-36635;FISPOLY40, P-36635;4.5;5.45;4.5;OK_NETO;0.0;1191838
795;P-30123;FISPOLY40, P-30123;4.5;5.45;4.5;OK_NETO;0.0;1191676
896;P-80123;FISPOLY40, P-80123;4.5;5.45;4.5;OK_NETO;0.0;1191837
794;P-30129;FISPOLY40, P-30129;4.5;5.45;4.5;OK_NETO;0.0;1191675
895;P-70108;FISPOLY40, P-70108;4.5;5.45;4.5;OK_NETO;0.0;1191836
894;P-70143;FISPOLY40, P-70143;4.5;5.45;4.5;OK_NETO;0.0;1191835
793;P-30110;FISPOLY40, P-30110;4.5;5.45;4.5;OK_NETO;0.0;1191674
653;P-36631;FISPOLY40, P-36631;4.5;5.45;4.5;OK_NETO;0.0;1191834
792;P-56414;FISPOLY40, P-56414;4.5;5.45;4.5;OK_NETO;0.0;1191673
893;P-36648;FISPOLY40, P-36648;4.5;5.45;4.5;OK_NETO;0.0;1191833
568;P-30142;FISPOLY40, P-30142;4.5;5.45;4.5;OK_NETO;0.0;1191672
892;P-36637;FISPOLY40, P-36637;4.5;5.45;4.5;OK_NETO;0.0;1191832
791;P-30175;FISPOLY40, P-30175;4.5;5.45;4.5;OK_NETO;0.0;1191671
650;P-70115;FISPOLY40, P-70115;4.5;5.45;4.5;OK_NETO;0.0;1191831
790;P-66404;FISPOLY40, P-66404;4.5;5.45;4.5;OK_NETO;0.0;1191670
891;P-36642;FISPOLY40, P-36642;4.5;5.45;4.5;OK_NETO;0.0;1191830
789;P-30108;FISPOLY40, P-30108;4.5;5.45;4.5;OK_NETO;0.0;1191669
649;P-36633;FISPOLY40, P-36633;4.5;5.45;4.5;OK_NETO;0.0;1191829
788;P-30104;FISPOLY40, P-30104;4.5;5.45;4.5;OK_NETO;0.0;1191668
890;P-70150;FISPOLY40, P-70150;4.5;5.45;4.5;OK_NETO;0.0;1191828
787;P-30109;FISPOLY40, P-30109;4.5;5.45;4.5;OK_NETO;0.0;1191667
889;P-70133;FISPOLY40, P-70133;4.5;5.45;4.5;OK_NETO;0.0;1191827
786;P-20109;FISPOLY40, P-20109;4.5;5.45;4.5;OK_NETO;0.0;1191666
648;P-80127;FISPOLY40, P-80127;4.5;5.45;4.5;OK_NETO;0.0;1191826
590;P-46886;FISPOLY40, P-46886;4.5;5.45;4.5;OK_NETO;0.0;1191725
647;P-70144;FISPOLY40, P-70144;4.5;5.45;4.5;OK_NETO;0.0;1191825
827;P-40133;FISPOLY40, P-40133;4.5;5.45;4.5;OK_NETO;0.0;1191724
589;P-40106;FISPOLY40, P-40106;4.5;5.45;4.5;OK_NETO;0.0;1191723
888;P-70123;FISPOLY40, P-70123;4.5;5.45;4.5;OK_NETO;0.0;1191824
588;P-60106;FISPOLY40, P-60106;4.5;5.45;4.5;OK_NETO;0.0;1191722
646;P-10155;FISPOLY40, P-10155;4.5;5.45;4.5;OK_NETO;0.0;1191823
826;P-80117;FISPOLY40, P-80117;4.5;5.45;4.5;OK_NETO;0.0;1191721
887;P-70117;FISPOLY40, P-70117;4.5;5.45;4.5;OK_NETO;0.0;1191822
587;P-60117;FISPOLY40, P-60117;4.5;5.45;4.5;OK_NETO;0.0;1191720
886;P-70124;FISPOLY40, P-70124;4.5;5.45;4.5;OK_NETO;0.0;1191821
825;P-40117;FISPOLY40, P-40117;4.5;5.45;4.5;OK_NETO;0.0;1191719
645;P-36638;FISPOLY40, P-36638;4.5;5.45;4.5;OK_NETO;0.0;1191820
824;P-10118;FISPOLY40, P-10118;4.5;5.45;4.5;OK_NETO;0.0;1191718
644;P-50280;FISPOLY40, P-50280;4.5;5.45;4.5;OK_NETO;0.0;1191819
586;P-40131;FISPOLY40, P-40131;4.5;5.45;4.5;OK_NETO;0.0;1191717
885;P-50128;FISPOLY40, P-50128;4.5;5.45;4.5;OK_NETO;0.0;1191818
823;P-10141;FISPOLY40, P-10141;4.5;5.45;4.5;OK_NETO;0.0;1191716
884;P-56039;FISPOLY40, P-56039;4.5;5.45;4.5;OK_NETO;0.0;1191817
585;P-46872;FISPOLY40, P-46872;4.5;5.45;4.5;OK_NETO;0.0;1191715
822;P-40130;FISPOLY40, P-40130;4.5;5.45;4.5;OK_NETO;0.0;1191714
883;P-50135;FISPOLY40, P-50135;4.5;5.45;4.5;OK_NETO;0.0;1191816
821;P-30173;FISPOLY40, P-30173;4.5;5.45;4.5;OK_NETO;0.0;1191713
673;P-10115;FISPOLY40, P-10115;4.5;5.45;4.5;OK_NETO;0.0;1191875
923;P-10112;FISPOLY40, P-10112;4.5;5.45;4.5;OK_NETO;0.0;1191874
583;P-30174;FISPOLY40, P-30174;4.5;5.45;4.5;OK_NETO;0.0;1191712
922;P-46603;FISPOLY40, P-46603;4.5;5.45;4.5;OK_NETO;0.0;1191873
820;P-30171;FISPOLY40, P-30171;4.5;5.45;4.5;OK_NETO;0.0;1191711
921;P-36646;FISPOLY40, P-36646;4.5;5.45;4.5;OK_NETO;0.0;1191872
582;P-30118;FISPOLY40, P-30118;4.5;5.45;4.5;OK_NETO;0.0;1191710
920;P-70118;FISPOLY40, P-70118;4.5;5.45;4.5;OK_NETO;0.0;1191871
819;P-46873;FISPOLY40, P-46873;4.5;5.45;4.5;OK_NETO;0.0;1191709
919;P-70114;FISPOLY40, P-70114;4.5;5.45;4.5;OK_NETO;0.0;1191870
818;P-30177;FISPOLY40, P-30177;4.5;5.45;4.5;OK_NETO;0.0;1191708
671;P-70152;FISPOLY40, P-70152;4.5;5.45;4.5;OK_NETO;0.0;1191869
817;P-30138;FISPOLY40, P-30138;4.5;5.45;4.5;OK_NETO;0.0;1191707
918;P-36639;FISPOLY40, P-36639;0.0;5.45;4.5;ODOO_CERO;-4.5;1191868
581;P-40126;FISPOLY40, P-40126;4.5;5.45;4.5;OK_NETO;0.0;1191706
917;P-70138;FISPOLY40, P-70138;4.5;5.45;4.5;OK_NETO;0.0;1191867
816;P-46497;FISPOLY40, P-46497;4.5;5.45;4.5;OK_NETO;0.0;1191705
669;P-70116;FISPOLY40, P-70116;4.5;5.45;4.5;OK_NETO;0.0;1191866
580;P-30137;FISPOLY40, P-30137;4.5;5.45;4.5;OK_NETO;0.0;1191704
667;P-70135;FISPOLY40, P-70135;4.5;5.45;4.5;OK_NETO;0.0;1191865
815;P-40149;FISPOLY40, P-40149;4.5;5.45;4.5;OK_NETO;0.0;1191703
916;P-70122;FISPOLY40, P-70122;4.5;5.45;4.5;OK_NETO;0.0;1191864
814;P-30119;FISPOLY40, P-30119;4.5;5.45;4.5;OK_NETO;0.0;1191702
666;P-70161;FISPOLY40, P-70161;4.5;5.45;4.5;OK_NETO;0.0;1191863
813;P-30133;FISPOLY40, P-30133;4.5;5.45;4.5;OK_NETO;0.0;1191701
915;P-70103;FISPOLY40, P-70103;4.5;5.45;4.5;OK_NETO;0.0;1191862
579;P-40118;FISPOLY40, P-40118;4.5;5.45;4.5;OK_NETO;0.0;1191700
914;P-80124;FISPOLY40, P-80124;4.5;5.45;4.5;OK_NETO;0.0;1191861
812;P-46880;FISPOLY40, P-46880;4.5;5.45;4.5;OK_NETO;0.0;1191699
913;P-70129;FISPOLY40, P-70129;4.5;5.45;4.5;OK_NETO;0.0;1191860
811;P-40125;FISPOLY40, P-40125;4.5;5.45;4.5;OK_NETO;0.0;1191698
664;P-70137;FISPOLY40, P-70137;4.5;5.45;4.5;OK_NETO;0.0;1191859
577;P-46882;FISPOLY40, P-46882;4.5;5.45;4.5;OK_NETO;0.0;1191697
912;P-70149;FISPOLY40, P-70149;4.5;5.45;4.5;OK_NETO;0.0;1191858
810;P-40102;FISPOLY40, P-40102;4.5;5.45;4.5;OK_NETO;0.0;1191696
911;P-70121;FISPOLY40, P-70121;4.5;5.45;4.5;OK_NETO;0.0;1191857
846;P-50137;FISPOLY40, P-50137;4.5;5.45;4.5;OK_NETO;0.0;1191755
910;P-70145;FISPOLY40, P-70145;4.5;5.45;4.5;OK_NETO;0.0;1191856
845;P-50140;FISPOLY40, P-50140;4.5;5.45;4.5;OK_NETO;0.0;1191754
909;P-70130;FISPOLY40, P-70130;4.5;5.45;4.5;OK_NETO;0.0;1191855
844;P-56055;FISPOLY40, P-56055;4.5;5.45;4.5;OK_NETO;0.0;1191753
662;P-70151;FISPOLY40, P-70151;4.5;5.45;4.5;OK_NETO;0.0;1191854
843;P-50114;FISPOLY40, P-50114;4.5;5.45;4.5;OK_NETO;0.0;1191752
908;P-46601;FISPOLY40, P-46601;4.5;5.45;4.5;OK_NETO;0.0;1191853
607;P-10119;FISPOLY40, P-10119;4.5;5.45;4.5;OK_NETO;0.0;1191751
3516;P-70109;FISPOLY40, P-70109;5.45;5.45;4.5;MAL_COPIADO_BRUTO;0.95;1191852
842;P-50110;FISPOLY40, P-50110;4.5;5.45;4.5;OK_NETO;0.0;1191750
661;P-70139;FISPOLY40, P-70139;4.5;5.45;4.5;OK_NETO;0.0;1191851
604;P-56048;FISPOLY40, P-56048;4.5;5.45;4.5;OK_NETO;0.0;1191749
906;P-3666;FISPOLY40, P-3666;4.5;5.45;4.5;OK_NETO;0.0;1191850
841;P-10107;FISPOLY40, P-10107;4.5;5.45;4.5;OK_NETO;0.0;1191748
905;P-80125;FISPOLY40, P-80125;4.5;5.45;4.5;OK_NETO;0.0;1191849
602;P-5607;FISPOLY40, P-5607;4.5;5.45;4.5;OK_NETO;0.0;1191747
660;P-70128;FISPOLY40, P-70128;4.5;5.45;4.5;OK_NETO;0.0;1191848
601;P-50164;FISPOLY40, P-50164;4.5;5.45;4.5;OK_NETO;0.0;1191746
904;P-70111;FISPOLY40, P-70111;4.5;5.45;4.5;OK_NETO;0.0;1191847
505;P-80115;FISPOLY40, P-80115;4.5;5.45;4.5;OK_NETO;0.0;1191745
903;P-70127;FISPOLY40, P-70127;4.5;5.45;4.5;OK_NETO;0.0;1191846
600;P-80137;FISPOLY40, P-80137;4.5;5.45;4.5;OK_NETO;0.0;1191744
940;P-70110;FISPOLY40, P-70110;4.5;5.45;4.5;OK_NETO;0.0;1191905
598;P-80112;FISPOLY40, P-80112;4.5;5.45;4.5;OK_NETO;0.0;1191743
939;P-80128;FISPOLY40, P-80128;4.5;5.45;4.5;OK_NETO;0.0;1191904
839;P-80111;FISPOLY40, P-80111;4.5;5.45;4.5;OK_NETO;0.0;1191742
686;P-60132;FISPOLY40, P-60132;4.5;5.45;4.5;OK_NETO;0.0;1191903
838;P-80140;FISPOLY40, P-80140;4.5;5.45;4.5;OK_NETO;0.0;1191741
938;P-60103;FISPOLY40, P-60103;4.5;5.45;4.5;OK_NETO;0.0;1191902
837;P-40103;FISPOLY40, P-40103;4.5;5.45;4.5;OK_NETO;0.0;1191740
685;P-60119;FISPOLY40, P-60119;4.5;5.45;4.5;OK_NETO;0.0;1191901
836;P-46883;FISPOLY40, P-46883;4.5;5.45;4.5;OK_NETO;0.0;1191739
937;P-60108;FISPOLY40, P-60108;4.5;5.45;4.5;OK_NETO;0.0;1191900
835;P-80135;FISPOLY40, P-80135;4.5;5.45;4.5;OK_NETO;0.0;1191738
936;P-60131;FISPOLY40, P-60131;4.5;5.45;4.5;OK_NETO;0.0;1191899
834;P-80100;FISPOLY40, P-80100;4.5;5.45;4.5;OK_NETO;0.0;1191737
935;P-50125;FISPOLY40, P-50125;4.5;5.45;4.5;OK_NETO;0.0;1191898
596;P-80106;FISPOLY40, P-80106;4.5;5.45;4.5;OK_NETO;0.0;1191736
684;P-50147;FISPOLY40, P-50147;4.5;5.45;4.5;OK_NETO;0.0;1191897
833;P-40114;FISPOLY40, P-40114;4.5;5.45;4.5;OK_NETO;0.0;1191735
683;P-60110;FISPOLY40, P-60110;4.5;5.45;4.5;OK_NETO;0.0;1191896
594;P-40138;FISPOLY40, P-40138;4.5;5.45;4.5;OK_NETO;0.0;1191734
934;P-60136;FISPOLY40, P-60136;4.5;5.45;4.5;OK_NETO;0.0;1191895
832;P-80136;FISPOLY40, P-80136;4.5;5.45;4.5;OK_NETO;0.0;1191733
682;P-60129;FISPOLY40, P-60129;4.5;5.45;4.5;OK_NETO;0.0;1191894
831;P-80107;FISPOLY40, P-80107;4.5;5.45;4.5;OK_NETO;0.0;1191732
933;P-60115;FISPOLY40, P-60115;4.5;5.45;4.5;OK_NETO;0.0;1191893
593;P-80138;FISPOLY40, P-80138;4.5;5.45;4.5;OK_NETO;0.0;1191731
681;P-60133;FISPOLY40, P-60133;4.5;5.45;4.5;OK_NETO;0.0;1191892
592;P-80105;FISPOLY40, P-80105;4.5;5.45;4.5;OK_NETO;0.0;1191730
932;P-60124;FISPOLY40, P-60124;4.5;5.45;4.5;OK_NETO;0.0;1191891
830;P-40137;FISPOLY40, P-40137;4.5;5.45;4.5;OK_NETO;0.0;1191729
680;P-60123;FISPOLY40, P-60123;4.5;5.45;4.5;OK_NETO;0.0;1191890
591;P-80139;FISPOLY40, P-80139;4.5;5.45;4.5;OK_NETO;0.0;1191728
931;P-60114;FISPOLY40, P-60114;4.5;5.45;4.5;OK_NETO;0.0;1191889
829;P-80114;FISPOLY40, P-80114;4.5;5.45;4.5;OK_NETO;0.0;1191727
930;P-60107;FISPOLY40, P-60107;4.5;5.45;4.5;OK_NETO;0.0;1191888
828;P-40107;FISPOLY40, P-40107;4.5;5.45;4.5;OK_NETO;0.0;1191726
679;P-46901;FISPOLY40, P-46901;4.5;5.45;4.5;OK_NETO;0.0;1191887
626;P-50130;FISPOLY40, P-50130;4.5;5.45;4.5;OK_NETO;0.0;1191785
929;P-46902;FISPOLY40, P-46902;4.5;5.45;4.5;OK_NETO;0.0;1191886
861;P-50126;FISPOLY40, P-50126;4.5;5.45;4.5;OK_NETO;0.0;1191784
678;P-60113;FISPOLY40, P-60113;4.5;5.45;4.5;OK_NETO;0.0;1191885
625;P-60130;FISPOLY40, P-60130;4.5;5.45;4.5;OK_NETO;0.0;1191783
677;P-46900;FISPOLY40, P-46900;4.5;5.45;4.5;OK_NETO;0.0;1191884
860;P-50124;FISPOLY40, P-50124;4.5;5.45;4.5;OK_NETO;0.0;1191782
928;P-60134;FISPOLY40, P-60134;4.5;5.45;4.5;OK_NETO;0.0;1191883
676;P-16931;FISPOLY40, P-16931;4.5;5.45;4.5;OK_NETO;0.0;1191882
859;P-16933;FISPOLY40, P-16933;4.5;5.45;4.5;OK_NETO;0.0;1191781
927;P-60122;FISPOLY40, P-60122;4.5;5.45;4.5;OK_NETO;0.0;1191881
624;P-50160;FISPOLY40, P-50160;4.5;5.45;4.5;OK_NETO;0.0;1191780
926;P-40129;FISPOLY40, P-40129;4.5;5.45;4.5;OK_NETO;0.0;1191880
858;P-50111;FISPOLY40, P-50111;4.5;5.45;4.5;OK_NETO;0.0;1191779
675;P-60121;FISPOLY40, P-60121;4.5;5.45;4.5;OK_NETO;0.0;1191879
623;P-56064;FISPOLY40, P-56064;4.5;5.45;4.5;OK_NETO;0.0;1191778
925;P-60118;FISPOLY40, P-60118;4.5;5.45;4.5;OK_NETO;0.0;1191878
621;P-50120;FISPOLY40, P-50120;4.5;5.45;4.5;OK_NETO;0.0;1191777
619;P-50152;FISPOLY40, P-50152;4.5;5.45;4.5;OK_NETO;0.0;1191776
674;P-60116;FISPOLY40, P-60116;4.5;5.45;4.5;OK_NETO;0.0;1191877
924;P-60104;FISPOLY40, P-60104;4.5;5.45;4.5;OK_NETO;0.0;1191876
857;P-50138;FISPOLY40, P-50138;4.5;5.45;4.5;OK_NETO;0.0;1191775
962;P-60137;FISPOLY40, P-60137;4.5;5.45;4.5;OK_NETO;0.0;1191935
856;P-50141;FISPOLY40, P-50141;4.5;5.45;4.5;OK_NETO;0.0;1191774
702;P-90103;FISPOLY40, P-90103;4.5;5.45;4.5;OK_NETO;0.0;1191934
618;P-50127;FISPOLY40, P-50127;4.5;5.45;4.5;OK_NETO;0.0;1191773
983;P-80129;FISPOLY40,P-80129;4.5;5.45;4.5;OK_NETO;0.0;1191933
617;P-20129;FISPOLY40, P-20129;4.5;5.45;4.5;OK_NETO;0.0;1191772
701;P-46888;FISPOLY40, P-46888;4.5;5.45;4.5;OK_NETO;0.0;1191932
855;P-56061;FISPOLY40, P-56061;4.5;5.45;4.5;OK_NETO;0.0;1191771
961;P-80119;FISPOLY40, P-80119;4.5;5.45;4.5;OK_NETO;0.0;1191931
616;P-50122;FISPOLY40, P-50122;4.5;5.45;4.5;OK_NETO;0.0;1191770
960;P-80145;FISPOLY40, P-80145;4.5;5.45;4.5;OK_NETO;0.0;1191930
854;P-56063;FISPOLY40, P-56063;4.5;5.45;4.5;OK_NETO;0.0;1191769
959;P-40113;FISPOLY40, P-40113;4.5;5.45;4.5;OK_NETO;0.0;1191929
982;P-50139;FISPOLY40,P-50139;4.5;5.45;4.5;OK_NETO;0.0;1191768
958;P-40127;FISPOLY40, P-40127;4.5;5.45;4.5;OK_NETO;0.0;1191928
853;P-50161;FISPOLY40, P-50161;4.5;5.45;4.5;OK_NETO;0.0;1191767
957;P-80109;FISPOLY40, P-80109;4.5;5.45;4.5;OK_NETO;0.0;1191927
615;P-50144;FISPOLY40, P-50144;4.5;5.45;4.5;OK_NETO;0.0;1191766
700;P-40128;FISPOLY40, P-40128;4.5;5.45;4.5;OK_NETO;0.0;1191926
852;P-50151;FISPOLY40, P-50151;4.5;5.45;4.5;OK_NETO;0.0;1191765
851;P-50104;FISPOLY40, P-50104;4.5;5.45;4.5;OK_NETO;0.0;1191764
956;P-40100;FISPOLY40, P-40100;4.5;5.45;4.5;OK_NETO;0.0;1191925
955;P-40105;FISPOLY40, P-40105;4.5;5.45;4.5;OK_NETO;0.0;1191924
614;P-50112;FISPOLY40, P-50112;4.5;5.45;4.5;OK_NETO;0.0;1191763
850;P-50100;FISPOLY40, P-50100;4.5;5.45;4.5;OK_NETO;0.0;1191762
954;P-40101;FISPOLY40, P-40101;4.5;5.45;4.5;OK_NETO;0.0;1191923
698;P-40108;FISPOLY40, P-40108;4.5;5.45;4.5;OK_NETO;0.0;1191922
849;P-5608;FISPOLY40, P-5608;4.5;5.45;4.5;OK_NETO;0.0;1191761
953;P-46889;FISPOLY40, P-46889;4.5;5.45;4.5;OK_NETO;0.0;1191921
612;P-50102;FISPOLY40, P-50102;4.5;5.45;4.5;OK_NETO;0.0;1191760
848;P-56044;FISPOLY40, P-56044;4.5;5.45;4.5;OK_NETO;0.0;1191759
695;P-46868;FISPOLY40, P-46868;4.5;5.45;4.5;OK_NETO;0.0;1191920
847;P-56062;FISPOLY40, P-56062;4.5;5.45;4.5;OK_NETO;0.0;1191758
952;P-60102;FISPOLY40, P-60102;4.5;5.45;4.5;OK_NETO;0.0;1191919
693;P-70119;FISPOLY40, P-70119;4.5;5.45;4.5;OK_NETO;0.0;1191918
610;P-10138;FISPOLY40, P-10138;4.5;5.45;4.5;OK_NETO;0.0;1191757
609;P-50101;FISPOLY40, P-50101;4.5;5.45;4.5;OK_NETO;0.0;1191756
951;P-80142;FISPOLY40, P-80142;4.5;5.45;4.5;OK_NETO;0.0;1191917
950;P-80104;FISPOLY40, P-80104;4.5;5.45;4.5;OK_NETO;0.0;1191916
949;P-80102;FISPOLY40, P-80102;4.5;5.45;4.5;OK_NETO;0.0;1191915
948;P-46893;FISPOLY40, P-46893;4.5;5.45;4.5;OK_NETO;0.0;1191914
690;P-80144;FISPOLY40, P-80144;4.5;5.45;4.5;OK_NETO;0.0;1191913
947;P-70112;FISPOLY40, P-70112;4.5;5.45;4.5;OK_NETO;0.0;1191912
946;P-46881;FISPOLY40, P-46881;4.5;5.45;4.5;OK_NETO;0.0;1191911
945;P-46892;FISPOLY40, P-46892;4.5;5.45;4.5;OK_NETO;0.0;1191910
944;P-46862;FISPOLY40, P-46862;4.5;5.45;4.5;OK_NETO;0.0;1191909
943;P-80122;FISPOLY40, P-80122;4.5;5.45;4.5;OK_NETO;0.0;1191908
942;P-70141;FISPOLY40, P-70141;4.5;5.45;4.5;OK_NETO;0.0;1191907
941;P-80110;FISPOLY40, P-80110;4.5;5.45;4.5;OK_NETO;0.0;1191906
3517;LTB-1631;COLOR 1631;4.54;4.54;3.75;MAL_COPIADO_BRUTO;0.79;1192158
3518;LTB-1619;COLOR 1619;4.54;4.54;3.75;MAL_COPIADO_BRUTO;0.79;1192157
3519;LTB-1616;COLOR 1616;4.54;4.54;3.75;MAL_COPIADO_BRUTO;0.79;1192156
3520;LTB-1615;COLOR 1615;4.54;4.54;3.75;MAL_COPIADO_BRUTO;0.79;1192155
3521;LTB-1614;COLOR 1614;4.54;4.54;3.75;MAL_COPIADO_BRUTO;0.79;1192154
3522;LTB-1611;COLOR 1611;4.54;4.54;3.75;MAL_COPIADO_BRUTO;0.79;1192153
3523;LTB-1538;COLOR 1538;4.54;4.54;3.75;MAL_COPIADO_BRUTO;0.79;1192152
3524;LTB-1528;COLOR 1528;4.54;4.54;3.75;MAL_COPIADO_BRUTO;0.79;1192148
3275;H-30 UV+WHITE;FLEXO LED FLEXIBLE ULTRAVIOLETA DERMAY;14.21;17.194;14.21;OK_NETO;0.0;1192137
3274;AOM-30;FLEXO LED FLEXIBLE DERMAY;10.2;12.34;10.2;OK_NETO;0.0;1192134
3273;LED 98 TSD;FLEXO LED ARTICULADO FLEXIBLE DERMAY;36.0;43.56;36.0;OK_NETO;0.0;1192132
3272;LED 98TD;FLEXO LED ARTICULADO DERMAY;36.0;43.56;36.0;OK_NETO;0.0;1192129
3138;ENTADHESIVA50;ENTRETELA ADHESIVA LTB;0.0;0.0;;WC_PRECIO_CERO;;1192058
3525;;DESCARGAS;0.0;;;SIN_SKU;;
716;P-20147;FISPOLY40, P-20147;4.5;5.45;4.5;OK_NETO;0.0;1191947
714;P-20149;FISPOLY40, P-20149;4.5;5.45;4.5;OK_NETO;0.0;1191946
711;P-10250;FISPOLY40, P-10250;4.5;5.45;4.5;OK_NETO;0.0;1191945
967;P-90105;FISPOLY40, P-90105;4.5;5.45;4.5;OK_NETO;0.0;1191944
710;P-60135;FISPOLY40, P-60135;4.5;5.45;4.5;OK_NETO;0.0;1191943
966;P-80131;FISPOLY40, P-80131;4.5;5.45;4.5;OK_NETO;0.0;1191942
709;P-60127;FISPOLY40, P-60127;4.5;5.45;4.5;OK_NETO;0.0;1191941
965;P-60139;FISPOLY40, P-60139;4.5;5.45;4.5;OK_NETO;0.0;1191940
964;P-80130;FISPOLY40, P-80130;4.5;5.45;4.5;OK_NETO;0.0;1191939
707;P-40132;FISPOLY40, P-40132;4.5;5.45;4.5;OK_NETO;0.0;1191938
706;P-90100;FISPOLY40, P-90100;4.5;5.45;4.5;OK_NETO;0.0;1191937
963;P-60112;FISPOLY40, P-60112;4.5;5.45;4.5;OK_NETO;0.0;1191936
3527;LTB-1841;COLOR 1841;4.54;4.54;3.75;MAL_COPIADO_BRUTO;0.79;1192188
3526;LTB-1828;COLOR 1828;4.54;4.54;3.75;MAL_COPIADO_BRUTO;0.79;1192187
3529;LTB-1816;COLOR 1816;4.54;4.54;3.75;MAL_COPIADO_BRUTO;0.79;1192186
3528;LTB-1811;COLOR 1811;4.54;4.54;3.75;MAL_COPIADO_BRUTO;0.79;1192185
3531;LTB-1799;COLOR 1799;4.54;4.54;3.75;MAL_COPIADO_BRUTO;0.79;1192184
3530;LTB-1797;COLOR 1797;4.54;4.54;3.75;MAL_COPIADO_BRUTO;0.79;1192183
3532;LTB-1790;COLOR 1790;4.54;4.54;3.75;MAL_COPIADO_BRUTO;0.79;1192182
3533;LTB-1784;COLOR 1784;4.54;4.54;3.75;MAL_COPIADO_BRUTO;0.79;1192181
3534;LTB-1778;COLOR 1778;4.54;4.54;3.75;MAL_COPIADO_BRUTO;0.79;1192180
3535;LTB-1776;COLOR 1776;4.54;4.54;3.75;MAL_COPIADO_BRUTO;0.79;1192179
3536;LTB-1775;COLOR 1775;4.54;4.54;3.75;MAL_COPIADO_BRUTO;0.79;1192178
3537;LTB-1771;COLOR 1771;3.75;4.54;3.75;OK_NETO;0.0;1192177
3538;LTB-1769;COLOR 1769;4.54;4.54;3.75;MAL_COPIADO_BRUTO;0.79;1192176
3539;LTB-1763;COLOR 1763;4.54;4.54;3.75;MAL_COPIADO_BRUTO;0.79;1192175
3540;LTB-1760;COLOR 1760;4.54;4.54;3.75;MAL_COPIADO_BRUTO;0.79;1192174
3541;LTB-1753;COLOR 1753;4.54;4.54;3.75;MAL_COPIADO_BRUTO;0.79;1192173
3543;LTB-1751;COLOR 1751;3.75;4.54;3.75;OK_NETO;0.0;1192172
3542;LTB-1729;COLOR 1729;4.54;4.54;3.75;MAL_COPIADO_BRUTO;0.79;1192171
3545;LTB-1726;COLOR 1726;4.54;4.54;3.75;MAL_COPIADO_BRUTO;0.79;1192170
3544;LTB-1725;COLOR 1725;4.54;4.54;3.75;MAL_COPIADO_BRUTO;0.79;1192169
3546;LTB-1709;COLOR 1709;4.54;4.54;3.75;MAL_COPIADO_BRUTO;0.79;1192168
3547;LTB-1706;COLOR 1706;4.54;4.54;3.75;MAL_COPIADO_BRUTO;0.79;1192167
3548;LTB-1704;COLOR 1704;4.54;4.54;3.75;MAL_COPIADO_BRUTO;0.79;1192166
3549;LTB-1703;COLOR 1703;4.54;4.54;3.75;MAL_COPIADO_BRUTO;0.79;1192165
3550;LTB-1678;COLOR 1678;4.54;4.54;3.75;MAL_COPIADO_BRUTO;0.79;1192164
3551;LTB-1670;COLOR 1670;4.54;4.54;3.75;MAL_COPIADO_BRUTO;0.79;1192163
3552;LTB-1659;COLOR 1659;4.54;4.54;3.75;MAL_COPIADO_BRUTO;0.79;1192162
3553;LTB-1657;COLOR 1657;4.54;4.54;3.75;MAL_COPIADO_BRUTO;0.79;1192161
3555;LTB-1645;COLOR 1645;4.54;4.54;3.75;MAL_COPIADO_BRUTO;0.79;1192160
3554;LTB-1637;COLOR 1637;4.54;4.54;3.75;MAL_COPIADO_BRUTO;0.79;1192159
3556;;ENTRETELA BASE 70 NEGRA 50CM;77.48;;;SIN_SKU;;
3557;LTB-1988;COLOR 1988;4.54;4.54;3.75;MAL_COPIADO_BRUTO;0.79;1192215
3558;LTB-1984;COLOR 1984;4.54;4.54;3.75;MAL_COPIADO_BRUTO;0.79;1192214
3559;LTB-1982;COLOR 1982;3.75;4.54;3.75;OK_NETO;0.0;1192213
3561;LTB-1977;COLOR 1977;4.54;4.54;3.75;MAL_COPIADO_BRUTO;0.79;1192212
3560;LTB-1974;COLOR 1974;4.54;4.54;3.75;MAL_COPIADO_BRUTO;0.79;1192211
3563;LTB-1973;COLOR 1973;4.54;4.54;3.75;MAL_COPIADO_BRUTO;0.79;1192210
3562;LTB-1967;COLOR 1967;4.54;4.54;3.75;MAL_COPIADO_BRUTO;0.79;1192209
3564;LTB-1951;CONO HILO LTB, GROSOR 40, 5000 mts, COLOR 1951;3.75;4.54;3.75;OK_NETO;0.0;1192208
3565;LTB-1950;COLOR 1950;4.54;4.54;3.75;MAL_COPIADO_BRUTO;0.79;1192207
3566;LTB-1944;COLOR 1944;4.54;4.54;3.75;MAL_COPIADO_BRUTO;0.79;1192206
3567;LTB-1940;COLOR 1940;4.54;4.54;3.75;MAL_COPIADO_BRUTO;0.79;1192205
3568;LTB-1938;COLOR 1938;4.54;4.54;3.75;MAL_COPIADO_BRUTO;0.79;1192204
3569;LTB-1924;COLOR 1924;3.75;4.54;3.75;OK_NETO;0.0;1192203
3570;LTB-1922;COLOR 1922;4.54;4.54;3.75;MAL_COPIADO_BRUTO;0.79;1192202
3571;LTB-1918;COLOR 1918;4.54;4.54;3.75;MAL_COPIADO_BRUTO;0.79;1192201
3572;LTB-1895;COLOR 1895;4.54;4.54;3.75;MAL_COPIADO_BRUTO;0.79;1192200
3573;LTB-1893;COLOR 1893;4.54;4.54;3.75;MAL_COPIADO_BRUTO;0.79;1192199
3574;LTB-1890;COLOR 1890;4.54;4.54;3.75;MAL_COPIADO_BRUTO;0.79;1192198
3575;LTB-1880;COLOR 1880;4.54;4.54;3.75;MAL_COPIADO_BRUTO;0.79;1192197
3576;LTB-1878;COLOR 1878;4.54;4.54;3.75;MAL_COPIADO_BRUTO;0.79;1192196
3577;LTB-1874;COLOR 1874;4.54;4.54;3.75;MAL_COPIADO_BRUTO;0.79;1192195
3578;LTB-1866;COLOR 1866;4.54;4.54;3.75;MAL_COPIADO_BRUTO;0.79;1192194
3579;LTB-1855;COLOR 1855;4.54;4.54;3.75;MAL_COPIADO_BRUTO;0.79;1192193
3580;LTB-1851;COLOR 1851;4.54;4.54;3.75;MAL_COPIADO_BRUTO;0.79;1192192
3581;LTB-1848;COLOR 1848;4.54;4.54;3.75;MAL_COPIADO_BRUTO;0.79;1192191
3582;LTB-1843;COLOR 1843;4.54;4.54;3.75;MAL_COPIADO_BRUTO;0.79;1192190
3583;LTB-1842;COLOR 1842;4.54;4.54;3.75;MAL_COPIADO_BRUTO;0.79;1192189
